<CONFIG xmlns:xsi="http://www.w3.org/2001/XMLSchema-instance" 
    xsi:noNamespaceSchemaLocation="http://www.webmethods.com/schema/xmlImport.xsd"
>
	
<context alias="webm.func.priv.task.engine">
	<Mode type="sync">
		<wm_xt_fabricfolder name="Aprobar Marco del Proyecto V2 Task" alias="9D70B072-BDD3-DE37-E0FD-8EAE70BDDD64.privileges" description="Container with standard task privileges">
			<wm_xt_fabricfolder name="Tasks Administration">
				<basic name="Tasks Administration" description="Privilege to administer other people's tasks. This is required in order to be able to access tasks from Task List Management" alias="9D70B072-BDD3-DE37-E0FD-8EAE70BDDD64.privilege.admin" allowEdit="false" />
				<basic name="Update Task Type" description="Privilege to modify properties of a task type" alias="9D70B072-BDD3-DE37-E0FD-8EAE70BDDD64.privilege.modifytasktype" allowEdit="false" />
				<basic name="Delete Task Type" description="Privilege to delete a task type" alias="9D70B072-BDD3-DE37-E0FD-8EAE70BDDD64.privilege.deletetasktype" allowEdit="false" />
				<basic name="Queue New Task Instance" description="Privilege to queue new task of this type" alias="9D70B072-BDD3-DE37-E0FD-8EAE70BDDD64.privilege.queuetask" allowEdit="false" />
			</wm_xt_fabricfolder>
			<wm_xt_fabricfolder name="Tasks Management">
				<basic name="View Task Data" description="Privilege to view task business data. This is required in order to be able to search for tasks in the Inbox and Task List Management" alias="9D70B072-BDD3-DE37-E0FD-8EAE70BDDD64.privilege.viewdata" allowEdit="false" />
				<basic name="View Task Info" description="Privilege to view general task info" alias="9D70B072-BDD3-DE37-E0FD-8EAE70BDDD64.privilege.viewinfo" allowEdit="false" />
				<basic name="View Task Audit" description="Privilege to view task audit trail" alias="9D70B072-BDD3-DE37-E0FD-8EAE70BDDD64.privilege.viewaudit" allowEdit="false" />
				<basic name="Complete Task" description="Privilege to complete a task" alias="9D70B072-BDD3-DE37-E0FD-8EAE70BDDD64.privilege.complete" allowEdit="false" />			
				<basic name="Cancel Task" description="Privilege to cancel a task" alias="9D70B072-BDD3-DE37-E0FD-8EAE70BDDD64.privilege.cancel" allowEdit="false" />			
				<basic name="Suspend Task" description="Privilege to suspend a task" alias="9D70B072-BDD3-DE37-E0FD-8EAE70BDDD64.privilege.suspend" allowEdit="false" />			
				<basic name="Resume Task" description="Privilege to resume a task" alias="9D70B072-BDD3-DE37-E0FD-8EAE70BDDD64.privilege.resume" allowEdit="false" />			
				<basic name="Delegate Task" description="Privilege to delegate a task to people" alias="9D70B072-BDD3-DE37-E0FD-8EAE70BDDD64.privilege.delegate" allowEdit="false" />			
				<basic name="Accept Task" description="Privilege to accept/unaccept a task to on behalf of other people" alias="9D70B072-BDD3-DE37-E0FD-8EAE70BDDD64.privilege.accept" allowEdit="false" />			
				<basic name="Assign Task" description="Privilege to assign the task to people" alias="9D70B072-BDD3-DE37-E0FD-8EAE70BDDD64.privilege.assign" allowEdit="false" />
				<basic name="Modify Task Data" description="Privilege to modify task business data" alias="9D70B072-BDD3-DE37-E0FD-8EAE70BDDD64.privilege.modifydata" allowEdit="false" />
				<basic name="Modify Task Info" description="Privilege to modify task general info" alias="9D70B072-BDD3-DE37-E0FD-8EAE70BDDD64.privilege.modifyinfo" allowEdit="false" />
				<basic name="Subscribe to a Task" description="Privilege to subscribe to task notifications" alias="9D70B072-BDD3-DE37-E0FD-8EAE70BDDD64.privilege.subscribe" allowEdit="false" />
				<basic name="Rollback Task" description="Privilege to rollback task state from audit trail" alias="9D70B072-BDD3-DE37-E0FD-8EAE70BDDD64.privilege.rollback" allowEdit="false" />
				<basic name="Delete Task" description="Privilege to delete a task" alias="9D70B072-BDD3-DE37-E0FD-8EAE70BDDD64.privilege.delete" allowEdit="false" />
			</wm_xt_fabricfolder>
			<wm_xt_fabricfolder name="Rules Management">
				<basic name="Create New Rule" description="Privilege to create new task rule" alias="9D70B072-BDD3-DE37-E0FD-8EAE70BDDD64.privilege.createrule" allowEdit="false" />
				<basic name="Modify Rule" description="Privilege to modify task rule" alias="9D70B072-BDD3-DE37-E0FD-8EAE70BDDD64.privilege.modifyrule" allowEdit="false" />
				<basic name="Modify Rule Variables" description="Privilege to modify task rule variables only" alias="9D70B072-BDD3-DE37-E0FD-8EAE70BDDD64.privilege.modifyrulevars" allowEdit="false" />
				<basic name="Delete Rule" description="Privilege to delete a task rule" alias="9D70B072-BDD3-DE37-E0FD-8EAE70BDDD64.privilege.deleterule" allowEdit="false" />
			</wm_xt_fabricfolder>
			<wm_xt_fabricfolder name="Task Comments" alias="9D70B072-BDD3-DE37-E0FD-8EAE70BDDD64.comment.privileges">
				<basic name="View Comments" description="Privilege to view task comments" alias="9D70B072-BDD3-DE37-E0FD-8EAE70BDDD64.privilege.viewcomment" allowEdit="false" />
				<basic name="Add Comment" description="Privilege to add a new comment to a task" alias="9D70B072-BDD3-DE37-E0FD-8EAE70BDDD64.privilege.createcomment" allowEdit="false" />
				<basic name="Update Comment" description="Privilege to update a comment added to a task" alias="9D70B072-BDD3-DE37-E0FD-8EAE70BDDD64.privilege.updatecomment" allowEdit="false" />
				<basic name="Update Other People's Comment" description="Privilege to update other people comment added to a task" alias="9D70B072-BDD3-DE37-E0FD-8EAE70BDDD64.privilege.updateotherpeoplecomment" allowEdit="false" />
				<basic name="Delete Comments" description="Privilege to delete a comment added to a task" alias="9D70B072-BDD3-DE37-E0FD-8EAE70BDDD64.privilege.deletecomment" allowEdit="false" />
				<basic name="Delete Other People's Comment" description="Privilege to delete other people comment added to a task" alias="9D70B072-BDD3-DE37-E0FD-8EAE70BDDD64.privilege.deleteotherpeoplecomment" allowEdit="false" />
			</wm_xt_fabricfolder>
			<wm_xt_fabricfolder name="Task Collaboration" alias="9D70B072-BDD3-DE37-E0FD-8EAE70BDDD64.collaboration.privileges">
				<basic name="View Collaboration Process" description="Privilege to view task collaboration process" alias="9D70B072-BDD3-DE37-E0FD-8EAE70BDDD64.privilege.viewcollaboration" allowEdit="false" />
				<basic name="Create Collaboration Process" description="Privilege to create new collaboration tasks" alias="9D70B072-BDD3-DE37-E0FD-8EAE70BDDD64.privilege.createcollaboration" allowEdit="false" />
				<basic name="Update Collaboration Process" description="Privilege to update collaboration process" alias="9D70B072-BDD3-DE37-E0FD-8EAE70BDDD64.privilege.updatecollaboration" allowEdit="false" />
				<basic name="Delete Collaboration Process" description="Privilege to delete collaboration process" alias="9D70B072-BDD3-DE37-E0FD-8EAE70BDDD64.privilege.deletecollaboration" allowEdit="false" />
				<basic name="Search User's Collaboration Processes" description="Privilege to search Collaboration Processes user participates with" alias="9D70B072-BDD3-DE37-E0FD-8EAE70BDDD64.privilege.searchusercollaboration" allowEdit="false" />
				<basic name="Search Other People's Collaboration Processes" description="Privilege to search any collaboration processes" alias="9D70B072-BDD3-DE37-E0FD-8EAE70BDDD64.privilege.searchallcollaboration" allowEdit="false" />
			</wm_xt_fabricfolder>
		</wm_xt_fabricfolder>
	</Mode>
</context><context alias="webm.func.priv.task.engine">
	<Mode type="sync">
		<wm_xt_fabricfolder name="Ajustar Marco Proyecto V2 Task" alias="8D085E61-BA00-9140-9C05-162E5120DFA6.privileges" description="Container with standard task privileges">
			<wm_xt_fabricfolder name="Tasks Administration">
				<basic name="Tasks Administration" description="Privilege to administer other people's tasks. This is required in order to be able to access tasks from Task List Management" alias="8D085E61-BA00-9140-9C05-162E5120DFA6.privilege.admin" allowEdit="false" />
				<basic name="Update Task Type" description="Privilege to modify properties of a task type" alias="8D085E61-BA00-9140-9C05-162E5120DFA6.privilege.modifytasktype" allowEdit="false" />
				<basic name="Delete Task Type" description="Privilege to delete a task type" alias="8D085E61-BA00-9140-9C05-162E5120DFA6.privilege.deletetasktype" allowEdit="false" />
				<basic name="Queue New Task Instance" description="Privilege to queue new task of this type" alias="8D085E61-BA00-9140-9C05-162E5120DFA6.privilege.queuetask" allowEdit="false" />
			</wm_xt_fabricfolder>
			<wm_xt_fabricfolder name="Tasks Management">
				<basic name="View Task Data" description="Privilege to view task business data. This is required in order to be able to search for tasks in the Inbox and Task List Management" alias="8D085E61-BA00-9140-9C05-162E5120DFA6.privilege.viewdata" allowEdit="false" />
				<basic name="View Task Info" description="Privilege to view general task info" alias="8D085E61-BA00-9140-9C05-162E5120DFA6.privilege.viewinfo" allowEdit="false" />
				<basic name="View Task Audit" description="Privilege to view task audit trail" alias="8D085E61-BA00-9140-9C05-162E5120DFA6.privilege.viewaudit" allowEdit="false" />
				<basic name="Complete Task" description="Privilege to complete a task" alias="8D085E61-BA00-9140-9C05-162E5120DFA6.privilege.complete" allowEdit="false" />			
				<basic name="Cancel Task" description="Privilege to cancel a task" alias="8D085E61-BA00-9140-9C05-162E5120DFA6.privilege.cancel" allowEdit="false" />			
				<basic name="Suspend Task" description="Privilege to suspend a task" alias="8D085E61-BA00-9140-9C05-162E5120DFA6.privilege.suspend" allowEdit="false" />			
				<basic name="Resume Task" description="Privilege to resume a task" alias="8D085E61-BA00-9140-9C05-162E5120DFA6.privilege.resume" allowEdit="false" />			
				<basic name="Delegate Task" description="Privilege to delegate a task to people" alias="8D085E61-BA00-9140-9C05-162E5120DFA6.privilege.delegate" allowEdit="false" />			
				<basic name="Accept Task" description="Privilege to accept/unaccept a task to on behalf of other people" alias="8D085E61-BA00-9140-9C05-162E5120DFA6.privilege.accept" allowEdit="false" />			
				<basic name="Assign Task" description="Privilege to assign the task to people" alias="8D085E61-BA00-9140-9C05-162E5120DFA6.privilege.assign" allowEdit="false" />
				<basic name="Modify Task Data" description="Privilege to modify task business data" alias="8D085E61-BA00-9140-9C05-162E5120DFA6.privilege.modifydata" allowEdit="false" />
				<basic name="Modify Task Info" description="Privilege to modify task general info" alias="8D085E61-BA00-9140-9C05-162E5120DFA6.privilege.modifyinfo" allowEdit="false" />
				<basic name="Subscribe to a Task" description="Privilege to subscribe to task notifications" alias="8D085E61-BA00-9140-9C05-162E5120DFA6.privilege.subscribe" allowEdit="false" />
				<basic name="Rollback Task" description="Privilege to rollback task state from audit trail" alias="8D085E61-BA00-9140-9C05-162E5120DFA6.privilege.rollback" allowEdit="false" />
				<basic name="Delete Task" description="Privilege to delete a task" alias="8D085E61-BA00-9140-9C05-162E5120DFA6.privilege.delete" allowEdit="false" />
			</wm_xt_fabricfolder>
			<wm_xt_fabricfolder name="Rules Management">
				<basic name="Create New Rule" description="Privilege to create new task rule" alias="8D085E61-BA00-9140-9C05-162E5120DFA6.privilege.createrule" allowEdit="false" />
				<basic name="Modify Rule" description="Privilege to modify task rule" alias="8D085E61-BA00-9140-9C05-162E5120DFA6.privilege.modifyrule" allowEdit="false" />
				<basic name="Modify Rule Variables" description="Privilege to modify task rule variables only" alias="8D085E61-BA00-9140-9C05-162E5120DFA6.privilege.modifyrulevars" allowEdit="false" />
				<basic name="Delete Rule" description="Privilege to delete a task rule" alias="8D085E61-BA00-9140-9C05-162E5120DFA6.privilege.deleterule" allowEdit="false" />
			</wm_xt_fabricfolder>
			<wm_xt_fabricfolder name="Task Comments" alias="8D085E61-BA00-9140-9C05-162E5120DFA6.comment.privileges">
				<basic name="View Comments" description="Privilege to view task comments" alias="8D085E61-BA00-9140-9C05-162E5120DFA6.privilege.viewcomment" allowEdit="false" />
				<basic name="Add Comment" description="Privilege to add a new comment to a task" alias="8D085E61-BA00-9140-9C05-162E5120DFA6.privilege.createcomment" allowEdit="false" />
				<basic name="Update Comment" description="Privilege to update a comment added to a task" alias="8D085E61-BA00-9140-9C05-162E5120DFA6.privilege.updatecomment" allowEdit="false" />
				<basic name="Update Other People's Comment" description="Privilege to update other people comment added to a task" alias="8D085E61-BA00-9140-9C05-162E5120DFA6.privilege.updateotherpeoplecomment" allowEdit="false" />
				<basic name="Delete Comments" description="Privilege to delete a comment added to a task" alias="8D085E61-BA00-9140-9C05-162E5120DFA6.privilege.deletecomment" allowEdit="false" />
				<basic name="Delete Other People's Comment" description="Privilege to delete other people comment added to a task" alias="8D085E61-BA00-9140-9C05-162E5120DFA6.privilege.deleteotherpeoplecomment" allowEdit="false" />
			</wm_xt_fabricfolder>
			<wm_xt_fabricfolder name="Task Collaboration" alias="8D085E61-BA00-9140-9C05-162E5120DFA6.collaboration.privileges">
				<basic name="View Collaboration Process" description="Privilege to view task collaboration process" alias="8D085E61-BA00-9140-9C05-162E5120DFA6.privilege.viewcollaboration" allowEdit="false" />
				<basic name="Create Collaboration Process" description="Privilege to create new collaboration tasks" alias="8D085E61-BA00-9140-9C05-162E5120DFA6.privilege.createcollaboration" allowEdit="false" />
				<basic name="Update Collaboration Process" description="Privilege to update collaboration process" alias="8D085E61-BA00-9140-9C05-162E5120DFA6.privilege.updatecollaboration" allowEdit="false" />
				<basic name="Delete Collaboration Process" description="Privilege to delete collaboration process" alias="8D085E61-BA00-9140-9C05-162E5120DFA6.privilege.deletecollaboration" allowEdit="false" />
				<basic name="Search User's Collaboration Processes" description="Privilege to search Collaboration Processes user participates with" alias="8D085E61-BA00-9140-9C05-162E5120DFA6.privilege.searchusercollaboration" allowEdit="false" />
				<basic name="Search Other People's Collaboration Processes" description="Privilege to search any collaboration processes" alias="8D085E61-BA00-9140-9C05-162E5120DFA6.privilege.searchallcollaboration" allowEdit="false" />
			</wm_xt_fabricfolder>
		</wm_xt_fabricfolder>
	</Mode>
</context></CONFIG> 
 