<?xml version="1.0" encoding="UTF-8"?>

<IDataXMLCoder version="1.0">
  <record javaclass="com.wm.data.ISMemDataImpl">
    <idatacodable name="fragment" javaclass="com.wm.app.prt.model.PRTFragmentDef">
      <number name="version" type="java.lang.Integer">3</number>
      <value name="modelId">Fundacion/PreparacionProyecto</value>
      <value name="modelVersion">1</value>
      <value name="modelName">PreparacionProyecto</value>
      <value name="packageName">Fundacion</value>
      <value name="fragmentId">Default</value>
      <value name="focalRole">Focal role</value>
      <value name="triggerName">Fundacion.PreparacionProyecto.PreparacionProyecto_1.Default:transitionTrigger</value>
      <value name="inputTriggerName">Fundacion.PreparacionProyecto.Default:subscriptionTrigger</value>
      <value name="synch">false</value>
      <value name="minimumLogLevel">5</value>
      <value name="volGlobalData">false</value>
      <value name="usesJMS">true</value>
      <value name="usesEDA">false</value>
      <value name="useVersion97EscalationPolicy">true</value>
      <value name="singleServer">true</value>
      <value name="timeoutMs">0</value>
      <null name="timeout"/>
      <value name="processTimeoutMs">0</value>
      <value name="processTimeoutExpr"></value>
      <null name="processTimeoutBusiness"/>
      <value name="processTimeoutType">relative</value>
      <null name="error"/>
      <null name="cancel"/>
      <null name="userProps"/>
      <null name="partnerLinks"/>
      <null name="properties"/>
      <null name="globalVariables"/>
      <null name="businessCalendarAlias"/>
      <array name="steps" type="idatacodable" depth="1">
        <idatacodable javaclass="com.wm.app.prt.model.EndNoneEvent">
          <value name="stepId">S31</value>
          <value name="stepLabel">End Event1</value>
          <value name="joinExpression">(unsynchronizedor TX-FROM-S25 TX-FROM-S27 TX-FROM-S29)</value>
          <value name="isSynchronizationPoint">false</value>
          <array name="inputs" type="idatacodable" depth="1">
            <idatacodable javaclass="com.wm.app.prt.model.PRTTransitionInputDef">
              <value name="sourceStepId">S25</value>
            </idatacodable>
            <idatacodable javaclass="com.wm.app.prt.model.PRTTransitionInputDef">
              <value name="sourceStepId">S27</value>
            </idatacodable>
            <idatacodable javaclass="com.wm.app.prt.model.PRTTransitionInputDef">
              <value name="sourceStepId">S29</value>
            </idatacodable>
          </array>
          <value name="timeoutMs">0</value>
          <value name="timeoutType">relative</value>
          <value name="stepRetryCount">0</value>
          <value name="stepRetryInterval">60000</value>
          <value name="parallelExecute">false</value>
          <value name="suppressUnsatisfiedJoin">false</value>
        </idatacodable>
        <idatacodable javaclass="com.wm.app.prt.model.UserTask">
          <value name="stepId">S20</value>
          <value name="stepLabel">Determinar Actualizacion</value>
          <value name="isStart">false</value>
          <value name="isSynchronizationPoint">false</value>
          <array name="inputs" type="idatacodable" depth="1">
            <idatacodable javaclass="com.wm.app.prt.model.PRTTransitionInputDef">
              <value name="sourceStepId">S18</value>
            </idatacodable>
          </array>
          <array name="outputs" type="idatacodable" depth="1">
            <idatacodable javaclass="com.wm.app.prt.model.PRTTransitionOutputDef">
              <value name="destination">Fundacion_PreparacionProyecto_TRANSQUEUE</value>
              <value name="isXpathCond">false</value>
              <value name="targetServerId">Default</value>
              <value name="targetStepId">S22</value>
              <array name="pipeKeys" type="value" depth="1">
                <value>planProyecto</value>
              </array>
              <null name="deadPathTargets"/>
              <value name="compensating">false</value>
            </idatacodable>
          </array>
          <value name="timeoutMs">0</value>
          <value name="stepTimeoutMs">0</value>
          <value name="timeoutType"></value>
          <value name="stepTimeoutType">relative</value>
          <value name="retryMax">0</value>
          <value name="stepRetryCount">0</value>
          <value name="stepRetryInterval">60000</value>
          <value name="isSubEnd">false</value>
          <value name="isXPathJoinExpression">false</value>
          <value name="beginsCompensatingTransaction">false</value>
          <value name="skip">false</value>
          <value name="parallelExecute">false</value>
          <value name="suppressUnsatisfiedJoin">false</value>
          <value name="forCompensation">false</value>
          <value name="inputMappingService">Fundacion.PreparacionProyecto.PreparacionProyecto_1.Default:Determinar_Actualizacion_InputMapService</value>
          <value name="outputMappingService">Fundacion.PreparacionProyecto.PreparacionProyecto_1.Default:Determinar_Actualizacion_OutputMapService</value>
        </idatacodable>
        <idatacodable javaclass="com.wm.app.prt.model.ExclusiveGateway">
          <value name="stepId">S22</value>
          <value name="stepLabel">Gateway1</value>
          <value name="isStart">false</value>
          <value name="isSynchronizationPoint">false</value>
          <array name="inputs" type="idatacodable" depth="1">
            <idatacodable javaclass="com.wm.app.prt.model.PRTTransitionInputDef">
              <value name="sourceStepId">S20</value>
            </idatacodable>
          </array>
          <array name="outputs" type="idatacodable" depth="1">
            <idatacodable javaclass="com.wm.app.prt.model.PRTTransitionOutputDef">
              <value name="condition">%planProyecto/planProyecto/tipoOperacion% = "Equipo"</value>
              <value name="destination">Fundacion_PreparacionProyecto_TRANSQUEUE</value>
              <value name="isXpathCond">false</value>
              <value name="targetServerId">Default</value>
              <value name="targetStepId">S29</value>
              <array name="pipeKeys" type="value" depth="1">
                <value>planProyecto</value>
              </array>
              <null name="deadPathTargets"/>
              <value name="compensating">false</value>
            </idatacodable>
            <idatacodable javaclass="com.wm.app.prt.model.PRTTransitionOutputDef">
              <value name="condition">%planProyecto/planProyecto/tipoOperacion% = "Contenidos"</value>
              <value name="destination">Fundacion_PreparacionProyecto_TRANSQUEUE</value>
              <value name="isXpathCond">false</value>
              <value name="targetServerId">Default</value>
              <value name="targetStepId">S25</value>
              <array name="pipeKeys" type="value" depth="1">
                <value>planProyecto</value>
              </array>
              <null name="deadPathTargets"/>
              <value name="compensating">false</value>
            </idatacodable>
            <idatacodable javaclass="com.wm.app.prt.model.PRTTransitionOutputDef">
              <value name="condition">%planProyecto/planProyecto/tipoOperacion% = "Calendario"</value>
              <value name="destination">Fundacion_PreparacionProyecto_TRANSQUEUE</value>
              <value name="isXpathCond">false</value>
              <value name="targetServerId">Default</value>
              <value name="targetStepId">S27</value>
              <array name="pipeKeys" type="value" depth="1">
                <value>planProyecto</value>
              </array>
              <null name="deadPathTargets"/>
              <value name="compensating">false</value>
            </idatacodable>
          </array>
          <value name="timeoutMs">0</value>
          <value name="stepTimeoutMs">0</value>
          <value name="timeoutType"></value>
          <value name="stepTimeoutType">relative</value>
          <value name="retryMax">0</value>
          <value name="stepRetryCount">0</value>
          <value name="stepRetryInterval">0</value>
          <value name="isSubEnd">false</value>
          <value name="isXPathJoinExpression">false</value>
          <value name="beginsCompensatingTransaction">false</value>
          <value name="skip">false</value>
          <value name="parallelExecute">false</value>
          <value name="suppressUnsatisfiedJoin">false</value>
          <null name="defaultTransition"/>
        </idatacodable>
        <idatacodable javaclass="com.wm.app.prt.model.UserTask">
          <value name="stepId">S25</value>
          <value name="stepLabel">Actualizar Contenidos</value>
          <value name="isStart">false</value>
          <value name="isSynchronizationPoint">false</value>
          <array name="inputs" type="idatacodable" depth="1">
            <idatacodable javaclass="com.wm.app.prt.model.PRTTransitionInputDef">
              <value name="sourceStepId">S22</value>
            </idatacodable>
          </array>
          <array name="outputs" type="idatacodable" depth="1">
            <idatacodable javaclass="com.wm.app.prt.model.PRTTransitionOutputDef">
              <value name="destination">Fundacion_PreparacionProyecto_TRANSQUEUE</value>
              <value name="isXpathCond">false</value>
              <value name="targetServerId">Default</value>
              <value name="targetStepId">S31</value>
              <null name="pipeKeys"/>
              <null name="deadPathTargets"/>
              <value name="compensating">false</value>
            </idatacodable>
          </array>
          <value name="timeoutMs">0</value>
          <value name="stepTimeoutMs">0</value>
          <value name="timeoutType"></value>
          <value name="stepTimeoutType">relative</value>
          <value name="retryMax">0</value>
          <value name="stepRetryCount">0</value>
          <value name="stepRetryInterval">60000</value>
          <value name="isSubEnd">false</value>
          <value name="isXPathJoinExpression">false</value>
          <value name="beginsCompensatingTransaction">false</value>
          <value name="skip">false</value>
          <value name="parallelExecute">false</value>
          <value name="suppressUnsatisfiedJoin">false</value>
          <value name="forCompensation">false</value>
          <value name="inputMappingService">Fundacion.PreparacionProyecto.PreparacionProyecto_1.Default:Actualizar_Contenidos_InputMapService</value>
          <value name="outputMappingService">Fundacion.PreparacionProyecto.PreparacionProyecto_1.Default:Actualizar_Contenidos_OutputMapService</value>
        </idatacodable>
        <idatacodable javaclass="com.wm.app.prt.model.StartMessageEvent">
          <value name="stepId">S39</value>
          <value name="stepLabel">Start planProyecto</value>
          <value name="isSynchronizationPoint">false</value>
          <array name="inputs" type="idatacodable" depth="1">
            <idatacodable javaclass="com.wm.app.prt.model.PRTPublishedDocInputDef">
              <value name="docName">planProyecto</value>
              <value name="docType">sFCMPC.docs:planProyecto</value>
              <null name="filter"/>
              <value name="subprExit">false</value>
            </idatacodable>
          </array>
          <value name="servicePackage">Fundacion</value>
          <value name="serviceName">Fundacion.PreparacionProyecto.PreparacionProyecto_1.Default:Start_planProyecto</value>
          <array name="outputs" type="idatacodable" depth="1">
            <idatacodable javaclass="com.wm.app.prt.model.PRTTransitionOutputDef">
              <value name="destination">Fundacion_PreparacionProyecto_TRANSQUEUE</value>
              <value name="isXpathCond">false</value>
              <value name="targetServerId">Default</value>
              <value name="targetStepId">S16</value>
              <array name="pipeKeys" type="value" depth="1">
                <value>planProyecto</value>
              </array>
              <null name="deadPathTargets"/>
              <value name="compensating">false</value>
            </idatacodable>
          </array>
          <value name="stepRetryCount">0</value>
          <value name="stepRetryInterval">60000</value>
          <value name="skip">false</value>
          <value name="parallelExecute">false</value>
          <value name="interrupting">false</value>
          <value name="usesEDA">false</value>
        </idatacodable>
        <idatacodable javaclass="com.wm.app.prt.model.UserTask">
          <value name="stepId">S16</value>
          <value name="stepLabel">Crear Propuesta Plan</value>
          <value name="isStart">false</value>
          <value name="isSynchronizationPoint">false</value>
          <array name="inputs" type="idatacodable" depth="1">
            <idatacodable javaclass="com.wm.app.prt.model.PRTTransitionInputDef">
              <value name="sourceStepId">S39</value>
            </idatacodable>
          </array>
          <array name="outputs" type="idatacodable" depth="1">
            <idatacodable javaclass="com.wm.app.prt.model.PRTTransitionOutputDef">
              <value name="destination">Fundacion_PreparacionProyecto_TRANSQUEUE</value>
              <value name="isXpathCond">false</value>
              <value name="targetServerId">Default</value>
              <value name="targetStepId">S18</value>
              <array name="pipeKeys" type="value" depth="1">
                <value>planProyecto</value>
              </array>
              <null name="deadPathTargets"/>
              <value name="compensating">false</value>
            </idatacodable>
          </array>
          <value name="timeoutMs">0</value>
          <value name="stepTimeoutMs">0</value>
          <value name="timeoutType"></value>
          <value name="stepTimeoutType">relative</value>
          <value name="retryMax">0</value>
          <value name="stepRetryCount">0</value>
          <value name="stepRetryInterval">60000</value>
          <value name="isSubEnd">false</value>
          <value name="isXPathJoinExpression">false</value>
          <value name="beginsCompensatingTransaction">false</value>
          <value name="skip">false</value>
          <value name="parallelExecute">false</value>
          <value name="suppressUnsatisfiedJoin">false</value>
          <value name="forCompensation">false</value>
          <value name="inputMappingService">Fundacion.PreparacionProyecto.PreparacionProyecto_1.Default:Crear_Propuesta_Plan_InputMapService</value>
          <value name="outputMappingService">Fundacion.PreparacionProyecto.PreparacionProyecto_1.Default:Crear_Propuesta_Plan_OutputMapService</value>
        </idatacodable>
        <idatacodable javaclass="com.wm.app.prt.model.UserTask">
          <value name="stepId">S27</value>
          <value name="stepLabel">Actualizar Calendario</value>
          <value name="isStart">false</value>
          <value name="isSynchronizationPoint">false</value>
          <array name="inputs" type="idatacodable" depth="1">
            <idatacodable javaclass="com.wm.app.prt.model.PRTTransitionInputDef">
              <value name="sourceStepId">S22</value>
            </idatacodable>
          </array>
          <array name="outputs" type="idatacodable" depth="1">
            <idatacodable javaclass="com.wm.app.prt.model.PRTTransitionOutputDef">
              <value name="destination">Fundacion_PreparacionProyecto_TRANSQUEUE</value>
              <value name="isXpathCond">false</value>
              <value name="targetServerId">Default</value>
              <value name="targetStepId">S31</value>
              <null name="pipeKeys"/>
              <null name="deadPathTargets"/>
              <value name="compensating">false</value>
            </idatacodable>
          </array>
          <value name="timeoutMs">0</value>
          <value name="stepTimeoutMs">0</value>
          <value name="timeoutType"></value>
          <value name="stepTimeoutType">relative</value>
          <value name="retryMax">0</value>
          <value name="stepRetryCount">0</value>
          <value name="stepRetryInterval">60000</value>
          <value name="isSubEnd">false</value>
          <value name="isXPathJoinExpression">false</value>
          <value name="beginsCompensatingTransaction">false</value>
          <value name="skip">false</value>
          <value name="parallelExecute">false</value>
          <value name="suppressUnsatisfiedJoin">false</value>
          <value name="forCompensation">false</value>
          <value name="inputMappingService">Fundacion.PreparacionProyecto.PreparacionProyecto_1.Default:Actualizar_Calendario_InputMapService</value>
          <value name="outputMappingService">Fundacion.PreparacionProyecto.PreparacionProyecto_1.Default:Actualizar_Calendario_OutputMapService</value>
        </idatacodable>
        <idatacodable javaclass="com.wm.app.prt.model.UserTask">
          <value name="stepId">S18</value>
          <value name="stepLabel">Aprobar Plan</value>
          <value name="isStart">false</value>
          <value name="isSynchronizationPoint">false</value>
          <array name="inputs" type="idatacodable" depth="1">
            <idatacodable javaclass="com.wm.app.prt.model.PRTTransitionInputDef">
              <value name="sourceStepId">S16</value>
            </idatacodable>
          </array>
          <array name="outputs" type="idatacodable" depth="1">
            <idatacodable javaclass="com.wm.app.prt.model.PRTTransitionOutputDef">
              <value name="destination">Fundacion_PreparacionProyecto_TRANSQUEUE</value>
              <value name="isXpathCond">false</value>
              <value name="targetServerId">Default</value>
              <value name="targetStepId">S20</value>
              <array name="pipeKeys" type="value" depth="1">
                <value>planProyecto</value>
              </array>
              <null name="deadPathTargets"/>
              <value name="compensating">false</value>
            </idatacodable>
          </array>
          <value name="timeoutMs">0</value>
          <value name="stepTimeoutMs">0</value>
          <value name="timeoutType"></value>
          <value name="stepTimeoutType">relative</value>
          <value name="retryMax">0</value>
          <value name="stepRetryCount">0</value>
          <value name="stepRetryInterval">60000</value>
          <value name="isSubEnd">false</value>
          <value name="isXPathJoinExpression">false</value>
          <value name="beginsCompensatingTransaction">false</value>
          <value name="skip">false</value>
          <value name="parallelExecute">false</value>
          <value name="suppressUnsatisfiedJoin">false</value>
          <value name="forCompensation">false</value>
          <value name="inputMappingService">Fundacion.PreparacionProyecto.PreparacionProyecto_1.Default:Aprobar_Plan_InputMapService</value>
          <value name="outputMappingService">Fundacion.PreparacionProyecto.PreparacionProyecto_1.Default:Aprobar_Plan_OutputMapService</value>
        </idatacodable>
        <idatacodable javaclass="com.wm.app.prt.model.UserTask">
          <value name="stepId">S29</value>
          <value name="stepLabel">Asignar Equipo</value>
          <value name="isStart">false</value>
          <value name="isSynchronizationPoint">false</value>
          <array name="inputs" type="idatacodable" depth="1">
            <idatacodable javaclass="com.wm.app.prt.model.PRTTransitionInputDef">
              <value name="sourceStepId">S22</value>
            </idatacodable>
          </array>
          <array name="outputs" type="idatacodable" depth="1">
            <idatacodable javaclass="com.wm.app.prt.model.PRTTransitionOutputDef">
              <value name="destination">Fundacion_PreparacionProyecto_TRANSQUEUE</value>
              <value name="isXpathCond">false</value>
              <value name="targetServerId">Default</value>
              <value name="targetStepId">S31</value>
              <null name="pipeKeys"/>
              <null name="deadPathTargets"/>
              <value name="compensating">false</value>
            </idatacodable>
          </array>
          <value name="timeoutMs">0</value>
          <value name="stepTimeoutMs">0</value>
          <value name="timeoutType"></value>
          <value name="stepTimeoutType">relative</value>
          <value name="retryMax">0</value>
          <value name="stepRetryCount">0</value>
          <value name="stepRetryInterval">60000</value>
          <value name="isSubEnd">false</value>
          <value name="isXPathJoinExpression">false</value>
          <value name="beginsCompensatingTransaction">false</value>
          <value name="skip">false</value>
          <value name="parallelExecute">false</value>
          <value name="suppressUnsatisfiedJoin">false</value>
          <value name="forCompensation">false</value>
          <value name="inputMappingService">Fundacion.PreparacionProyecto.PreparacionProyecto_1.Default:Asignar_Equipo_InputMapService</value>
          <value name="outputMappingService">Fundacion.PreparacionProyecto.PreparacionProyecto_1.Default:Asignar_Equipo_OutputMapService</value>
        </idatacodable>
      </array>
    </idatacodable>
    <Date name="timestamp" type="java.util.Date">Tue Sep 29 15:04:38 PDT 2015</Date>
  </record>
</IDataXMLCoder>
