<?xml version="1.0" encoding="UTF-8"?>

<IDataXMLCoder version="1.0">
  <record javaclass="com.wm.data.ISMemDataImpl">
    <idatacodable name="fragment" javaclass="com.wm.app.prt.model.PRTFragmentDef">
      <number name="version" type="java.lang.Integer">3</number>
      <value name="modelId">Fundacion/generaMarcoLogico</value>
      <value name="modelVersion">1</value>
      <value name="modelName">generaMarcoLogico</value>
      <value name="packageName">Fundacion</value>
      <value name="fragmentId">Default</value>
      <value name="focalRole">Focal role</value>
      <value name="triggerName">Fundacion.generaMarcoLogico.generaMarcoLogico_1.Default:transitionTrigger</value>
      <value name="inputTriggerName">Fundacion.generaMarcoLogico.Default:subscriptionTrigger</value>
      <value name="synch">false</value>
      <value name="minimumLogLevel">5</value>
      <value name="volGlobalData">false</value>
      <value name="usesJMS">true</value>
      <value name="usesEDA">false</value>
      <value name="useVersion97EscalationPolicy">true</value>
      <value name="singleServer">true</value>
      <value name="timeoutMs">0</value>
      <null name="timeout"/>
      <value name="processTimeoutMs">0</value>
      <value name="processTimeoutExpr"></value>
      <null name="processTimeoutBusiness"/>
      <value name="processTimeoutType">relative</value>
      <null name="error"/>
      <null name="cancel"/>
      <null name="userProps"/>
      <null name="partnerLinks"/>
      <null name="properties"/>
      <null name="globalVariables"/>
      <null name="businessCalendarAlias"/>
      <array name="steps" type="idatacodable" depth="1">
        <idatacodable javaclass="com.wm.app.prt.model.StartMessageEvent">
          <value name="stepId">S31</value>
          <value name="stepLabel">Start publicaMarco</value>
          <value name="isSynchronizationPoint">false</value>
          <array name="inputs" type="idatacodable" depth="1">
            <idatacodable javaclass="com.wm.app.prt.model.PRTPublishedDocInputDef">
              <value name="docName">publicaMarco</value>
              <value name="docType">sFCMPC.docs:publicaMarco</value>
              <null name="filter"/>
              <value name="subprExit">false</value>
            </idatacodable>
          </array>
          <value name="servicePackage">Fundacion</value>
          <value name="serviceName">Fundacion.generaMarcoLogico.generaMarcoLogico_1.Default:Start_publicaMarco</value>
          <array name="outputs" type="idatacodable" depth="1">
            <idatacodable javaclass="com.wm.app.prt.model.PRTTransitionOutputDef">
              <value name="destination">Fundacion_generaMarcoLogico_TRANSQUEUE</value>
              <value name="isXpathCond">false</value>
              <value name="targetServerId">Default</value>
              <value name="targetStepId">S24</value>
              <array name="pipeKeys" type="value" depth="1">
                <value>publicaMarco</value>
              </array>
              <null name="deadPathTargets"/>
              <value name="compensating">false</value>
            </idatacodable>
          </array>
          <value name="stepRetryCount">0</value>
          <value name="stepRetryInterval">60000</value>
          <value name="skip">false</value>
          <value name="parallelExecute">false</value>
          <value name="interrupting">false</value>
          <value name="usesEDA">false</value>
        </idatacodable>
        <idatacodable javaclass="com.wm.app.prt.model.EndNoneEvent">
          <value name="stepId">S43</value>
          <value name="stepLabel">End Event1</value>
          <value name="isSynchronizationPoint">false</value>
          <array name="inputs" type="idatacodable" depth="1">
            <idatacodable javaclass="com.wm.app.prt.model.PRTTransitionInputDef">
              <value name="sourceStepId">S45</value>
            </idatacodable>
          </array>
          <value name="timeoutMs">0</value>
          <value name="timeoutType"></value>
          <value name="stepRetryCount">0</value>
          <value name="stepRetryInterval">60000</value>
          <value name="parallelExecute">false</value>
          <value name="suppressUnsatisfiedJoin">false</value>
        </idatacodable>
        <idatacodable javaclass="com.wm.app.prt.model.ExclusiveGateway">
          <value name="stepId">S24</value>
          <value name="stepLabel">Gateway1</value>
          <value name="isStart">false</value>
          <value name="joinExpression">(unsynchronizedor TX-FROM-S31 TX-FROM-S40)</value>
          <value name="isSynchronizationPoint">false</value>
          <array name="inputs" type="idatacodable" depth="1">
            <idatacodable javaclass="com.wm.app.prt.model.PRTTransitionInputDef">
              <value name="sourceStepId">S31</value>
            </idatacodable>
            <idatacodable javaclass="com.wm.app.prt.model.PRTTransitionInputDef">
              <value name="sourceStepId">S40</value>
            </idatacodable>
          </array>
          <array name="outputs" type="idatacodable" depth="1">
            <idatacodable javaclass="com.wm.app.prt.model.PRTTransitionOutputDef">
              <value name="destination">Fundacion_generaMarcoLogico_TRANSQUEUE</value>
              <value name="isXpathCond">false</value>
              <value name="targetServerId">Default</value>
              <value name="targetStepId">S34</value>
              <array name="pipeKeys" type="value" depth="1">
                <value>publicaMarco</value>
              </array>
              <null name="deadPathTargets"/>
              <value name="compensating">false</value>
            </idatacodable>
          </array>
          <value name="timeoutMs">0</value>
          <value name="stepTimeoutMs">0</value>
          <value name="timeoutType">relative</value>
          <value name="stepTimeoutType">relative</value>
          <value name="retryMax">0</value>
          <value name="stepRetryCount">0</value>
          <value name="stepRetryInterval">0</value>
          <value name="isSubEnd">false</value>
          <value name="isXPathJoinExpression">false</value>
          <value name="beginsCompensatingTransaction">false</value>
          <value name="skip">false</value>
          <value name="parallelExecute">false</value>
          <value name="suppressUnsatisfiedJoin">false</value>
          <null name="defaultTransition"/>
        </idatacodable>
        <idatacodable javaclass="com.wm.app.prt.model.UserTask">
          <value name="stepId">S34</value>
          <value name="stepLabel">Aprobar Marco del Proyecto</value>
          <value name="isStart">false</value>
          <value name="isSynchronizationPoint">false</value>
          <array name="inputs" type="idatacodable" depth="1">
            <idatacodable javaclass="com.wm.app.prt.model.PRTTransitionInputDef">
              <value name="sourceStepId">S24</value>
            </idatacodable>
          </array>
          <array name="outputs" type="idatacodable" depth="1">
            <idatacodable javaclass="com.wm.app.prt.model.PRTTransitionOutputDef">
              <value name="destination">Fundacion_generaMarcoLogico_TRANSQUEUE</value>
              <value name="isXpathCond">false</value>
              <value name="targetServerId">Default</value>
              <value name="targetStepId">S38</value>
              <array name="pipeKeys" type="value" depth="1">
                <value>publicaMarco</value>
              </array>
              <null name="deadPathTargets"/>
              <value name="compensating">false</value>
            </idatacodable>
          </array>
          <value name="timeoutMs">0</value>
          <value name="stepTimeoutMs">0</value>
          <value name="timeoutType"></value>
          <value name="stepTimeoutType">relative</value>
          <value name="retryMax">0</value>
          <value name="stepRetryCount">0</value>
          <value name="stepRetryInterval">60000</value>
          <value name="isSubEnd">false</value>
          <value name="isXPathJoinExpression">false</value>
          <value name="beginsCompensatingTransaction">false</value>
          <value name="skip">false</value>
          <value name="parallelExecute">false</value>
          <value name="suppressUnsatisfiedJoin">false</value>
          <value name="forCompensation">false</value>
          <value name="inputMappingService">Fundacion.generaMarcoLogico.generaMarcoLogico_1.Default:Aprobar_Marco_del_Proyecto_InputMapService</value>
          <value name="outputMappingService">Fundacion.generaMarcoLogico.generaMarcoLogico_1.Default:Aprobar_Marco_del_Proyecto_OutputMapService</value>
        </idatacodable>
        <idatacodable javaclass="com.wm.app.prt.model.ServiceTask">
          <value name="stepId">S45</value>
          <value name="stepLabel">registraMarcoLogico</value>
          <value name="isStart">false</value>
          <value name="isSynchronizationPoint">false</value>
          <array name="inputs" type="idatacodable" depth="1">
            <idatacodable javaclass="com.wm.app.prt.model.PRTTransitionInputDef">
              <value name="sourceStepId">S38</value>
            </idatacodable>
          </array>
          <value name="servicePackage">Fundacion</value>
          <value name="serviceName">Fundacion.generaMarcoLogico.generaMarcoLogico_1.Default:registraMarcoLogico</value>
          <array name="outputs" type="idatacodable" depth="1">
            <idatacodable javaclass="com.wm.app.prt.model.PRTTransitionOutputDef">
              <value name="destination">Fundacion_generaMarcoLogico_TRANSQUEUE</value>
              <value name="isXpathCond">false</value>
              <value name="targetServerId">Default</value>
              <value name="targetStepId">S43</value>
              <null name="pipeKeys"/>
              <null name="deadPathTargets"/>
              <value name="compensating">false</value>
            </idatacodable>
          </array>
          <value name="timeoutMs">0</value>
          <value name="stepTimeoutMs">0</value>
          <value name="timeoutType"></value>
          <value name="stepTimeoutType">relative</value>
          <value name="retryMax">0</value>
          <value name="stepRetryCount">0</value>
          <value name="stepRetryInterval">60000</value>
          <value name="isSubEnd">false</value>
          <value name="isXPathJoinExpression">false</value>
          <value name="beginsCompensatingTransaction">false</value>
          <value name="skip">false</value>
          <value name="parallelExecute">false</value>
          <value name="suppressUnsatisfiedJoin">false</value>
          <value name="forCompensation">false</value>
        </idatacodable>
        <idatacodable javaclass="com.wm.app.prt.model.ExclusiveGateway">
          <value name="stepId">S38</value>
          <value name="stepLabel">Gateway2</value>
          <value name="isStart">false</value>
          <value name="isSynchronizationPoint">false</value>
          <array name="inputs" type="idatacodable" depth="1">
            <idatacodable javaclass="com.wm.app.prt.model.PRTTransitionInputDef">
              <value name="sourceStepId">S34</value>
            </idatacodable>
          </array>
          <array name="outputs" type="idatacodable" depth="1">
            <idatacodable javaclass="com.wm.app.prt.model.PRTTransitionOutputDef">
              <value name="condition">%publicaMarco/marcoLogico/aprobadoML% = "no"</value>
              <value name="destination">Fundacion_generaMarcoLogico_TRANSQUEUE</value>
              <value name="isXpathCond">false</value>
              <value name="targetServerId">Default</value>
              <value name="targetStepId">S40</value>
              <array name="pipeKeys" type="value" depth="1">
                <value>publicaMarco</value>
              </array>
              <null name="deadPathTargets"/>
              <value name="compensating">false</value>
            </idatacodable>
            <idatacodable javaclass="com.wm.app.prt.model.PRTTransitionOutputDef">
              <value name="condition">%publicaMarco/marcoLogico/aprobadoML% = "si"</value>
              <value name="destination">Fundacion_generaMarcoLogico_TRANSQUEUE</value>
              <value name="isXpathCond">false</value>
              <value name="targetServerId">Default</value>
              <value name="targetStepId">S45</value>
              <array name="pipeKeys" type="value" depth="1">
                <value>publicaMarco</value>
              </array>
              <null name="deadPathTargets"/>
              <value name="compensating">false</value>
            </idatacodable>
          </array>
          <value name="timeoutMs">0</value>
          <value name="stepTimeoutMs">0</value>
          <value name="timeoutType"></value>
          <value name="stepTimeoutType">relative</value>
          <value name="retryMax">0</value>
          <value name="stepRetryCount">0</value>
          <value name="stepRetryInterval">0</value>
          <value name="isSubEnd">false</value>
          <value name="isXPathJoinExpression">false</value>
          <value name="beginsCompensatingTransaction">false</value>
          <value name="skip">false</value>
          <value name="parallelExecute">false</value>
          <value name="suppressUnsatisfiedJoin">false</value>
          <null name="defaultTransition"/>
        </idatacodable>
        <idatacodable javaclass="com.wm.app.prt.model.UserTask">
          <value name="stepId">S40</value>
          <value name="stepLabel">AjustarMarcoProyecto</value>
          <value name="isStart">false</value>
          <value name="isSynchronizationPoint">false</value>
          <array name="inputs" type="idatacodable" depth="1">
            <idatacodable javaclass="com.wm.app.prt.model.PRTTransitionInputDef">
              <value name="sourceStepId">S38</value>
            </idatacodable>
          </array>
          <array name="outputs" type="idatacodable" depth="1">
            <idatacodable javaclass="com.wm.app.prt.model.PRTTransitionOutputDef">
              <value name="destination">Fundacion_generaMarcoLogico_TRANSQUEUE</value>
              <value name="isXpathCond">false</value>
              <value name="targetServerId">Default</value>
              <value name="targetStepId">S24</value>
              <array name="pipeKeys" type="value" depth="1">
                <value>publicaMarco</value>
              </array>
              <null name="deadPathTargets"/>
              <value name="compensating">false</value>
            </idatacodable>
          </array>
          <value name="timeoutMs">0</value>
          <value name="stepTimeoutMs">0</value>
          <value name="timeoutType"></value>
          <value name="stepTimeoutType">relative</value>
          <value name="retryMax">0</value>
          <value name="stepRetryCount">0</value>
          <value name="stepRetryInterval">60000</value>
          <value name="isSubEnd">false</value>
          <value name="isXPathJoinExpression">false</value>
          <value name="beginsCompensatingTransaction">false</value>
          <value name="skip">false</value>
          <value name="parallelExecute">false</value>
          <value name="suppressUnsatisfiedJoin">false</value>
          <value name="forCompensation">false</value>
          <value name="inputMappingService">Fundacion.generaMarcoLogico.generaMarcoLogico_1.Default:AjustarMarcoProyecto_InputMapService</value>
          <value name="outputMappingService">Fundacion.generaMarcoLogico.generaMarcoLogico_1.Default:AjustarMarcoProyecto_OutputMapService</value>
        </idatacodable>
      </array>
    </idatacodable>
    <Date name="timestamp" type="java.util.Date">Sun Oct 11 19:38:19 ART 2015</Date>
  </record>
</IDataXMLCoder>
