<?xml version="1.0" encoding="UTF-8"?>

<IDataXMLCoder version="1.0">
  <record javaclass="com.wm.data.ISMemDataImpl">
    <idatacodable name="fragment" javaclass="com.wm.app.prt.model.PRTFragmentDef">
      <number name="version" type="java.lang.Integer">3</number>
      <value name="modelId">Fundacion/crearMarcoLogico</value>
      <value name="modelVersion">1</value>
      <value name="modelName">crearMarcoLogico</value>
      <value name="packageName">Fundacion</value>
      <value name="fragmentId">Default</value>
      <value name="focalRole">Focal role</value>
      <value name="triggerName">Fundacion.crearMarcoLogico.crearMarcoLogico_1.Default:transitionTrigger</value>
      <value name="inputTriggerName">Fundacion.crearMarcoLogico.Default:subscriptionTrigger</value>
      <value name="synch">false</value>
      <value name="minimumLogLevel">5</value>
      <value name="volGlobalData">false</value>
      <value name="usesJMS">true</value>
      <value name="usesEDA">false</value>
      <value name="useVersion97EscalationPolicy">true</value>
      <value name="singleServer">true</value>
      <value name="timeoutMs">0</value>
      <null name="timeout"/>
      <value name="processTimeoutMs">0</value>
      <value name="processTimeoutExpr"></value>
      <null name="processTimeoutBusiness"/>
      <value name="processTimeoutType">relative</value>
      <null name="error"/>
      <null name="cancel"/>
      <null name="userProps"/>
      <null name="partnerLinks"/>
      <null name="properties"/>
      <null name="globalVariables"/>
      <null name="businessCalendarAlias"/>
      <array name="steps" type="idatacodable" depth="1">
        <idatacodable javaclass="com.wm.app.prt.model.StartMessageEvent">
          <value name="stepId">S22</value>
          <value name="stepLabel">Start publicaMarcoV1</value>
          <value name="isSynchronizationPoint">false</value>
          <array name="inputs" type="idatacodable" depth="1">
            <idatacodable javaclass="com.wm.app.prt.model.PRTPublishedDocInputDef">
              <value name="docName">publicaMarcoV1</value>
              <value name="docType">sFCMPC.docs:publicaMarcoV1</value>
              <null name="filter"/>
              <value name="subprExit">false</value>
            </idatacodable>
          </array>
          <value name="servicePackage">Fundacion</value>
          <value name="serviceName">Fundacion.crearMarcoLogico.crearMarcoLogico_1.Default:Start_publicaMarcoV1</value>
          <array name="outputs" type="idatacodable" depth="1">
            <idatacodable javaclass="com.wm.app.prt.model.PRTTransitionOutputDef">
              <value name="destination">Fundacion_crearMarcoLogico_TRANSQUEUE</value>
              <value name="isXpathCond">false</value>
              <value name="targetServerId">Default</value>
              <value name="targetStepId">S14</value>
              <array name="pipeKeys" type="value" depth="1">
                <value>publicaMarcoV1</value>
              </array>
              <null name="deadPathTargets"/>
              <value name="compensating">false</value>
            </idatacodable>
          </array>
          <value name="stepRetryCount">0</value>
          <value name="stepRetryInterval">60000</value>
          <value name="skip">false</value>
          <value name="parallelExecute">false</value>
          <value name="interrupting">false</value>
          <value name="usesEDA">false</value>
        </idatacodable>
        <idatacodable javaclass="com.wm.app.prt.model.ExclusiveGateway">
          <value name="stepId">S14</value>
          <value name="stepLabel">Gateway1</value>
          <value name="isStart">false</value>
          <value name="joinExpression">(unsynchronizedor TX-FROM-S22 TX-FROM-S19)</value>
          <value name="isSynchronizationPoint">false</value>
          <array name="inputs" type="idatacodable" depth="1">
            <idatacodable javaclass="com.wm.app.prt.model.PRTTransitionInputDef">
              <value name="sourceStepId">S22</value>
            </idatacodable>
            <idatacodable javaclass="com.wm.app.prt.model.PRTTransitionInputDef">
              <value name="sourceStepId">S19</value>
            </idatacodable>
          </array>
          <array name="outputs" type="idatacodable" depth="1">
            <idatacodable javaclass="com.wm.app.prt.model.PRTTransitionOutputDef">
              <value name="destination">Fundacion_crearMarcoLogico_TRANSQUEUE</value>
              <value name="isXpathCond">false</value>
              <value name="targetServerId">Default</value>
              <value name="targetStepId">S18</value>
              <array name="pipeKeys" type="value" depth="1">
                <value>publicaMarcoV1</value>
              </array>
              <null name="deadPathTargets"/>
              <value name="compensating">false</value>
            </idatacodable>
          </array>
          <value name="timeoutMs">0</value>
          <value name="stepTimeoutMs">0</value>
          <value name="timeoutType">relative</value>
          <value name="stepTimeoutType">relative</value>
          <value name="retryMax">0</value>
          <value name="stepRetryCount">0</value>
          <value name="stepRetryInterval">0</value>
          <value name="isSubEnd">false</value>
          <value name="isXPathJoinExpression">false</value>
          <value name="beginsCompensatingTransaction">false</value>
          <value name="skip">false</value>
          <value name="parallelExecute">false</value>
          <value name="suppressUnsatisfiedJoin">false</value>
          <null name="defaultTransition"/>
        </idatacodable>
        <idatacodable javaclass="com.wm.app.prt.model.ServiceTask">
          <value name="stepId">S25</value>
          <value name="stepLabel">registraMarcoLogico_2</value>
          <value name="isStart">false</value>
          <value name="isSynchronizationPoint">false</value>
          <array name="inputs" type="idatacodable" depth="1">
            <idatacodable javaclass="com.wm.app.prt.model.PRTTransitionInputDef">
              <value name="sourceStepId">S16</value>
            </idatacodable>
          </array>
          <value name="servicePackage">Fundacion</value>
          <value name="serviceName">Fundacion.crearMarcoLogico.crearMarcoLogico_1.Default:registraMarcoLogico_2</value>
          <array name="outputs" type="idatacodable" depth="1">
            <idatacodable javaclass="com.wm.app.prt.model.PRTTransitionOutputDef">
              <value name="destination">Fundacion_crearMarcoLogico_TRANSQUEUE</value>
              <value name="isXpathCond">false</value>
              <value name="targetServerId">Default</value>
              <value name="targetStepId">S17</value>
              <null name="pipeKeys"/>
              <null name="deadPathTargets"/>
              <value name="compensating">false</value>
            </idatacodable>
          </array>
          <value name="timeoutMs">0</value>
          <value name="stepTimeoutMs">0</value>
          <value name="timeoutType"></value>
          <value name="stepTimeoutType">relative</value>
          <value name="retryMax">0</value>
          <value name="stepRetryCount">0</value>
          <value name="stepRetryInterval">60000</value>
          <value name="isSubEnd">false</value>
          <value name="isXPathJoinExpression">false</value>
          <value name="beginsCompensatingTransaction">false</value>
          <value name="skip">false</value>
          <value name="parallelExecute">false</value>
          <value name="suppressUnsatisfiedJoin">false</value>
          <value name="forCompensation">false</value>
        </idatacodable>
        <idatacodable javaclass="com.wm.app.prt.model.EndNoneEvent">
          <value name="stepId">S17</value>
          <value name="stepLabel">End Event1</value>
          <value name="isSynchronizationPoint">false</value>
          <array name="inputs" type="idatacodable" depth="1">
            <idatacodable javaclass="com.wm.app.prt.model.PRTTransitionInputDef">
              <value name="sourceStepId">S25</value>
            </idatacodable>
          </array>
          <value name="timeoutMs">0</value>
          <value name="timeoutType"></value>
          <value name="stepRetryCount">0</value>
          <value name="stepRetryInterval">60000</value>
          <value name="parallelExecute">false</value>
          <value name="suppressUnsatisfiedJoin">false</value>
        </idatacodable>
        <idatacodable javaclass="com.wm.app.prt.model.ExclusiveGateway">
          <value name="stepId">S16</value>
          <value name="stepLabel">Gateway2</value>
          <value name="isStart">false</value>
          <value name="isSynchronizationPoint">false</value>
          <array name="inputs" type="idatacodable" depth="1">
            <idatacodable javaclass="com.wm.app.prt.model.PRTTransitionInputDef">
              <value name="sourceStepId">S18</value>
            </idatacodable>
          </array>
          <array name="outputs" type="idatacodable" depth="1">
            <idatacodable javaclass="com.wm.app.prt.model.PRTTransitionOutputDef">
              <value name="condition">%publicaMarcoV1/marcoLogicoV1/aprobadoML% = "no"</value>
              <value name="destination">Fundacion_crearMarcoLogico_TRANSQUEUE</value>
              <value name="isXpathCond">false</value>
              <value name="targetServerId">Default</value>
              <value name="targetStepId">S19</value>
              <array name="pipeKeys" type="value" depth="1">
                <value>publicaMarcoV1</value>
              </array>
              <null name="deadPathTargets"/>
              <value name="compensating">false</value>
            </idatacodable>
            <idatacodable javaclass="com.wm.app.prt.model.PRTTransitionOutputDef">
              <value name="condition">%publicaMarcoV1/marcoLogicoV1/aprobadoML% = "si"</value>
              <value name="destination">Fundacion_crearMarcoLogico_TRANSQUEUE</value>
              <value name="isXpathCond">false</value>
              <value name="targetServerId">Default</value>
              <value name="targetStepId">S25</value>
              <array name="pipeKeys" type="value" depth="1">
                <value>publicaMarcoV1</value>
              </array>
              <null name="deadPathTargets"/>
              <value name="compensating">false</value>
            </idatacodable>
          </array>
          <value name="timeoutMs">0</value>
          <value name="stepTimeoutMs">0</value>
          <value name="timeoutType"></value>
          <value name="stepTimeoutType">relative</value>
          <value name="retryMax">0</value>
          <value name="stepRetryCount">0</value>
          <value name="stepRetryInterval">0</value>
          <value name="isSubEnd">false</value>
          <value name="isXPathJoinExpression">false</value>
          <value name="beginsCompensatingTransaction">false</value>
          <value name="skip">false</value>
          <value name="parallelExecute">false</value>
          <value name="suppressUnsatisfiedJoin">false</value>
          <null name="defaultTransition"/>
        </idatacodable>
        <idatacodable javaclass="com.wm.app.prt.model.UserTask">
          <value name="stepId">S19</value>
          <value name="stepLabel">AjustarMarcoProyecto</value>
          <value name="isStart">false</value>
          <value name="isSynchronizationPoint">false</value>
          <array name="inputs" type="idatacodable" depth="1">
            <idatacodable javaclass="com.wm.app.prt.model.PRTTransitionInputDef">
              <value name="sourceStepId">S16</value>
            </idatacodable>
          </array>
          <array name="outputs" type="idatacodable" depth="1">
            <idatacodable javaclass="com.wm.app.prt.model.PRTTransitionOutputDef">
              <value name="destination">Fundacion_crearMarcoLogico_TRANSQUEUE</value>
              <value name="isXpathCond">false</value>
              <value name="targetServerId">Default</value>
              <value name="targetStepId">S14</value>
              <array name="pipeKeys" type="value" depth="1">
                <value>publicaMarcoV1</value>
              </array>
              <null name="deadPathTargets"/>
              <value name="compensating">false</value>
            </idatacodable>
          </array>
          <value name="timeoutMs">0</value>
          <value name="stepTimeoutMs">0</value>
          <value name="timeoutType"></value>
          <value name="stepTimeoutType">relative</value>
          <value name="retryMax">0</value>
          <value name="stepRetryCount">0</value>
          <value name="stepRetryInterval">60000</value>
          <value name="isSubEnd">false</value>
          <value name="isXPathJoinExpression">false</value>
          <value name="beginsCompensatingTransaction">false</value>
          <value name="skip">false</value>
          <value name="parallelExecute">false</value>
          <value name="suppressUnsatisfiedJoin">false</value>
          <value name="forCompensation">false</value>
          <value name="inputMappingService">Fundacion.crearMarcoLogico.crearMarcoLogico_1.Default:AjustarMarcoProyecto_InputMapService</value>
          <value name="outputMappingService">Fundacion.crearMarcoLogico.crearMarcoLogico_1.Default:AjustarMarcoProyecto_OutputMapService</value>
        </idatacodable>
        <idatacodable javaclass="com.wm.app.prt.model.UserTask">
          <value name="stepId">S18</value>
          <value name="stepLabel">Aprobar Marco del Proyecto</value>
          <value name="isStart">false</value>
          <value name="isSynchronizationPoint">false</value>
          <array name="inputs" type="idatacodable" depth="1">
            <idatacodable javaclass="com.wm.app.prt.model.PRTTransitionInputDef">
              <value name="sourceStepId">S14</value>
            </idatacodable>
          </array>
          <array name="outputs" type="idatacodable" depth="1">
            <idatacodable javaclass="com.wm.app.prt.model.PRTTransitionOutputDef">
              <value name="destination">Fundacion_crearMarcoLogico_TRANSQUEUE</value>
              <value name="isXpathCond">false</value>
              <value name="targetServerId">Default</value>
              <value name="targetStepId">S16</value>
              <array name="pipeKeys" type="value" depth="1">
                <value>publicaMarcoV1</value>
              </array>
              <null name="deadPathTargets"/>
              <value name="compensating">false</value>
            </idatacodable>
          </array>
          <value name="timeoutMs">0</value>
          <value name="stepTimeoutMs">0</value>
          <value name="timeoutType"></value>
          <value name="stepTimeoutType">relative</value>
          <value name="retryMax">0</value>
          <value name="stepRetryCount">0</value>
          <value name="stepRetryInterval">60000</value>
          <value name="isSubEnd">false</value>
          <value name="isXPathJoinExpression">false</value>
          <value name="beginsCompensatingTransaction">false</value>
          <value name="skip">false</value>
          <value name="parallelExecute">false</value>
          <value name="suppressUnsatisfiedJoin">false</value>
          <value name="forCompensation">false</value>
          <value name="inputMappingService">Fundacion.crearMarcoLogico.crearMarcoLogico_1.Default:Aprobar_Marco_del_Proyecto_InputMapService</value>
          <value name="outputMappingService">Fundacion.crearMarcoLogico.crearMarcoLogico_1.Default:Aprobar_Marco_del_Proyecto_OutputMapService</value>
        </idatacodable>
      </array>
    </idatacodable>
    <Date name="timestamp" type="java.util.Date">Wed Nov 25 12:12:53 ART 2015</Date>
  </record>
</IDataXMLCoder>
