<?xml version="1.0" encoding="UTF-8" standalone="yes"?>
<wm-portlet-app version="1.0" xmlns:xsi="http://www.w3.org/2001/XMLSchema-instance" xsi:noNamespaceSchemaLocation="http://www.webmethods.com/schema/wm-portlet-app.xsd">
	<wm-portlet>
		<portlet-name>generaMarcoLogico</portlet-name>
		<category>fcmpcPortales</category>
		<portlet-preferences>
			<preference>
				<name>tipoProyecto</name>
				<display-name></display-name>
				<description></description>
				<scope>content</scope>
				<property-editor type="text"></property-editor>
				<hidden>true</hidden>
				<required>false</required>
				<type>String</type>
			</preference>
			<preference>
				<name>taskId</name>
				<display-name>taskId</display-name>
				<description></description>
				<scope>content</scope>
				<hidden>true</hidden>
				<type>String</type>
			</preference>
			<preference>
				<name>indicaDor</name>
				<display-name></display-name>
				<description></description>
				<scope>content</scope>
				<property-editor type="text"></property-editor>
				<hidden>true</hidden>
				<required>false</required>
				<type>String</type>
			</preference></portlet-preferences>
	</wm-portlet>
	<wm-portlet>
		<portlet-name>prueba</portlet-name>
		<category>fcmpcPortales</category>
	</wm-portlet>
</wm-portlet-app>

