<CONFIG xmlns:xsi="http://www.w3.org/2001/XMLSchema-instance" 
    xsi:noNamespaceSchemaLocation="http://www.webmethods.com/schema/xmlImport.xsd"
    depCheck="false"
>
	<Mode type="sync">
	    <!-- Setup distribution rules -->
	    <CONTEXT alias="12288BE9-C32A-E139-F980-AC4F2BA39827.routing.rules.storage">
	    </CONTEXT>
	
	    <!-- Setup distribution filters -->
	    <CONTEXT alias="12288BE9-C32A-E139-F980-AC4F2BA39827.filter.rules.storage">
	    </CONTEXT>
	
	    <!-- Setup trigger rules -->
	    <CONTEXT alias="12288BE9-C32A-E139-F980-AC4F2BA39827.change.rules.storage">
	    </CONTEXT>
	
	    <!-- Setup schedule rules -->
	    <CONTEXT alias="12288BE9-C32A-E139-F980-AC4F2BA39827.schedule.rules.storage">
	    </CONTEXT>
	</Mode>
</CONFIG>
