<CONFIG xmlns:xsi="http://www.w3.org/2001/XMLSchema-instance" 
    xsi:noNamespaceSchemaLocation="http://www.webmethods.com/schema/xmlImport.xsd"
    depCheck="false"
>
	<Mode type="sync">
	    <!-- Setup distribution rules -->
	    <CONTEXT alias="9E32B738-E547-377A-23A6-F502187E52D3.routing.rules.storage">
	    </CONTEXT>
	
	    <!-- Setup distribution filters -->
	    <CONTEXT alias="9E32B738-E547-377A-23A6-F502187E52D3.filter.rules.storage">
	    </CONTEXT>
	
	    <!-- Setup trigger rules -->
	    <CONTEXT alias="9E32B738-E547-377A-23A6-F502187E52D3.change.rules.storage">
	    </CONTEXT>
	
	    <!-- Setup schedule rules -->
	    <CONTEXT alias="9E32B738-E547-377A-23A6-F502187E52D3.schedule.rules.storage">
	    </CONTEXT>
	</Mode>
</CONFIG>
