<CONFIG xmlns:xsi="http://www.w3.org/2001/XMLSchema-instance" 
    xsi:noNamespaceSchemaLocation="http://www.webmethods.com/schema/xmlImport.xsd"
>
	<CONTEXT alias="9E32B738-E547-377A-23A6-F502187E52D3.task.app">
		<folder name="Visar Marco Logico y Actividades Details" description="Visar Marco Logico y Actividades Details" alias="9E32B738-E547-377A-23A6-F502187E52D3.task.app.details.page" isTaskFolder="false">
            <page>
            	<row>
            		<column>
            			<generaproyectotasks___visarmarcologicoyactividadesoverview name="Task View" alias="9E32B738-E547-377A-23A6-F502187E52D3.task.app.details.portlet">
                            <layout name="titlebar" value="false"/>
                            <layout name="border" value="false"/>            			
            			</generaproyectotasks___visarmarcologicoyactividadesoverview> 
                    </column>
                </row>
                <hobos/>
            </page>
        </folder>
    </CONTEXT>
</CONFIG>
