<CONFIG xmlns:xsi="http://www.w3.org/2001/XMLSchema-instance" 
    xsi:noNamespaceSchemaLocation="http://www.webmethods.com/schema/xmlImport.xsd"
    depCheck="false"
>
	<Mode type="sync">
	    <!-- Setup distribution rules -->
	    <CONTEXT alias="D2A97B2B-2EAC-A106-3AC0-AF0EB756D42F.routing.rules.storage">
	    </CONTEXT>
	
	    <!-- Setup distribution filters -->
	    <CONTEXT alias="D2A97B2B-2EAC-A106-3AC0-AF0EB756D42F.filter.rules.storage">
	    </CONTEXT>
	
	    <!-- Setup trigger rules -->
	    <CONTEXT alias="D2A97B2B-2EAC-A106-3AC0-AF0EB756D42F.change.rules.storage">
	    </CONTEXT>
	
	    <!-- Setup schedule rules -->
	    <CONTEXT alias="D2A97B2B-2EAC-A106-3AC0-AF0EB756D42F.schedule.rules.storage">
	    </CONTEXT>
	</Mode>
</CONFIG>
