<CONFIG xmlns:xsi="http://www.w3.org/2001/XMLSchema-instance" 
    xsi:noNamespaceSchemaLocation="http://www.webmethods.com/schema/xmlImport.xsd"
>
	<CONTEXT alias="D2A97B2B-2EAC-A106-3AC0-AF0EB756D42F.task.app">
		<folder name="Completa Datos Proyecto Details" description="Completa Datos Proyecto Details" alias="D2A97B2B-2EAC-A106-3AC0-AF0EB756D42F.task.app.details.page" isTaskFolder="false">
            <page>
            	<row>
            		<column>
            			<generaproyectotasks___completadatosproyectooverview1 name="Task View" alias="D2A97B2B-2EAC-A106-3AC0-AF0EB756D42F.task.app.details.portlet">
                            <layout name="titlebar" value="false"/>
                            <layout name="border" value="false"/>            			
            			</generaproyectotasks___completadatosproyectooverview1> 
                    </column>
                </row>
                <hobos/>
            </page>
        </folder>
    </CONTEXT>
</CONFIG>
