<?xml version="1.0" encoding="UTF-8"?>

<FLOW VERSION="3.0" CLEANUP="true">

  <!-- nodes -->

<INVOKE SERVICE="Fundacion.generaMarcoLogico.generaMarcoLogico_1.Default:Aprobar_Marco_del_Proyecto_QueueTask">

  <!-- nodes -->

<MAP MODE="INPUT">

  <!-- nodes -->

<MAPCOPY NAME="Link" FROM="/publicaMarco;4;0;sFCMPC.docs:publicaMarco" TO="/TaskData;2;0/publicaMarco;2;0">
</MAPCOPY>

<MAPCOPY NAME="Link" FROM="/Aprobar Marco del ProyectoInputEnv;4;0;pub.task:TaskQueueInfo" TO="/TaskQueueInfo;4;0;pub.task:TaskQueueInfo">
</MAPCOPY>
</MAP>
</INVOKE>
</FLOW>
