<?xml version="1.0" encoding="UTF-8"?>
<faces-config xmlns="http://xmlns.jcp.org/xml/ns/javaee" xmlns:xsi="http://www.w3.org/2001/XMLSchema-instance" xsi:schemaLocation="http://xmlns.jcp.org/xml/ns/javaee http://xmlns.jcp.org/xml/ns/javaee/web-facesconfig_2_2.xsd" version="2.2">
	<application>
		<message-bundle>caf.war.generaProyectoTasks.AppResources</message-bundle>
		<locale-config>
			<default-locale>en_US</default-locale>
		</locale-config>
	</application>









	<managed-bean>
		<managed-bean-name>TaskDisplayProvider</managed-bean-name>
		<managed-bean-class>com.webmethods.caf.faces.data.task.TaskDisplayProvider</managed-bean-class>
		<managed-bean-scope>session</managed-bean-scope>
		<managed-property>
			<description>Specifies whether the session bean expires when the pageflow is out of scope</description>
			<display-name>Expire With Page Flow</display-name>
			<property-name>expireWithPageFlow</property-name>
			<property-class>java.lang.Boolean</property-class>
			<value>true</value>
		</managed-property>
	</managed-bean>
	<managed-bean>
		<managed-bean-name>TaskPriorityMapProvider</managed-bean-name>
		<managed-bean-class>com.webmethods.caf.faces.data.object.TableSelectItemGroupProvider</managed-bean-class>
		<managed-bean-scope>session</managed-bean-scope>
		<managed-property>
			<description>Specifies whether the session bean expires when the pageflow is out of scope</description>
			<display-name>Expire With Page Flow</display-name>
			<property-name>expireWithPageFlow</property-name>
			<property-class>java.lang.Boolean</property-class>
			<value>true</value>
		</managed-property>
	</managed-bean>
	<managed-bean>
		<managed-bean-name>SolucionProvider</managed-bean-name>
		<managed-bean-class>com.webmethods.caf.faces.data.object.BoundPropertiesSelectItemGroupProvider</managed-bean-class>
		<managed-bean-scope>session</managed-bean-scope>
	</managed-bean>
	<managed-bean>
		<managed-bean-name>SolucionProvider2</managed-bean-name>
		<managed-bean-class>com.webmethods.caf.faces.data.object.BoundPropertiesSelectItemGroupProvider</managed-bean-class>
		<managed-bean-scope>session</managed-bean-scope>
	</managed-bean>
	<managed-bean>
		<managed-bean-name>PlantaProvider</managed-bean-name>
		<managed-bean-class>com.webmethods.caf.faces.data.object.ListTableContentProvider</managed-bean-class>
		<managed-bean-scope>session</managed-bean-scope>
		<managed-property>
			<description>Specifies whether the session bean expires when the pageflow is out of scope</description>
			<display-name>Expire With Page Flow</display-name>
			<property-name>expireWithPageFlow</property-name>
			<property-class>java.lang.Boolean</property-class>
			<value>true</value>
		</managed-property>
	</managed-bean>
	<managed-bean>
		<managed-bean-name>SolucionProvider3</managed-bean-name>
		<managed-bean-class>com.webmethods.caf.faces.data.object.BoundPropertiesSelectItemGroupProvider</managed-bean-class>
		<managed-bean-scope>session</managed-bean-scope>
	</managed-bean>
	<managed-bean>
		<managed-bean-name>EstablecimientosProvider</managed-bean-name>
		<managed-bean-class>com.webmethods.caf.faces.data.object.ListTableContentProvider</managed-bean-class>
		<managed-bean-scope>session</managed-bean-scope>
		<managed-property>
			<description>Specifies whether the session bean expires when the pageflow is out of scope</description>
			<display-name>Expire With Page Flow</display-name>
			<property-name>expireWithPageFlow</property-name>
			<property-class>java.lang.Boolean</property-class>
			<value>true</value>
		</managed-property>
	</managed-bean>
	<managed-bean>
		<managed-bean-name>SolucionProvider4</managed-bean-name>
		<managed-bean-class>com.webmethods.caf.faces.data.object.BoundPropertiesSelectItemGroupProvider</managed-bean-class>
		<managed-bean-scope>session</managed-bean-scope>
	</managed-bean>
	<managed-bean>
		<managed-bean-name>SolucionProvider5</managed-bean-name>
		<managed-bean-class>com.webmethods.caf.faces.data.object.BoundPropertiesSelectItemGroupProvider</managed-bean-class>
		<managed-bean-scope>session</managed-bean-scope>
	</managed-bean>
	<managed-bean>
		<managed-bean-name>SolucionProvider6</managed-bean-name>
		<managed-bean-class>com.webmethods.caf.faces.data.object.BoundPropertiesSelectItemGroupProvider</managed-bean-class>
		<managed-bean-scope>session</managed-bean-scope>
	</managed-bean>
	<managed-bean>
		<managed-bean-name>PlantaProvider2</managed-bean-name>
		<managed-bean-class>com.webmethods.caf.faces.data.object.SelectableListTableContentProvider</managed-bean-class>
		<managed-bean-scope>session</managed-bean-scope>
		<managed-property>
			<description>Specifies whether the session bean expires when the pageflow is out of scope</description>
			<display-name>Expire With Page Flow</display-name>
			<property-name>expireWithPageFlow</property-name>
			<property-class>java.lang.Boolean</property-class>
			<value>true</value>
		</managed-property>
	</managed-bean>
	<managed-bean>
		<managed-bean-name>SolucionProvider7</managed-bean-name>
		<managed-bean-class>com.webmethods.caf.faces.data.object.BoundPropertiesSelectItemGroupProvider</managed-bean-class>
		<managed-bean-scope>session</managed-bean-scope>
	</managed-bean>
	<managed-bean>
		<managed-bean-name>ProfesionalesProvider</managed-bean-name>
		<managed-bean-class>com.webmethods.caf.faces.data.object.SelectableListTableContentProvider</managed-bean-class>
		<managed-bean-scope>session</managed-bean-scope>
		<managed-property>
			<description>Specifies whether the session bean expires when the pageflow is out of scope</description>
			<display-name>Expire With Page Flow</display-name>
			<property-name>expireWithPageFlow</property-name>
			<property-class>java.lang.Boolean</property-class>
			<value>true</value>
		</managed-property>
	</managed-bean>
	<managed-bean>
		<managed-bean-name>EstablecimientosProvider2</managed-bean-name>
		<managed-bean-class>com.webmethods.caf.faces.data.object.ListTableContentProvider</managed-bean-class>
		<managed-bean-scope>session</managed-bean-scope>
		<managed-property>
			<description>Specifies whether the session bean expires when the pageflow is out of scope</description>
			<display-name>Expire With Page Flow</display-name>
			<property-name>expireWithPageFlow</property-name>
			<property-class>java.lang.Boolean</property-class>
			<value>true</value>
		</managed-property>
	</managed-bean>
	<managed-bean>
		<managed-bean-name>EstablecimientosProvider3</managed-bean-name>
		<managed-bean-class>com.webmethods.caf.faces.data.object.ListTableContentProvider</managed-bean-class>
		<managed-bean-scope>session</managed-bean-scope>
		<managed-property>
			<description>Specifies whether the session bean expires when the pageflow is out of scope</description>
			<display-name>Expire With Page Flow</display-name>
			<property-name>expireWithPageFlow</property-name>
			<property-class>java.lang.Boolean</property-class>
			<value>true</value>
		</managed-property>
	</managed-bean>
	<managed-bean>
		<managed-bean-name>ProfesionalesProvider2</managed-bean-name>
		<managed-bean-class>com.webmethods.caf.faces.data.object.ListTableContentProvider</managed-bean-class>
		<managed-bean-scope>session</managed-bean-scope>
		<managed-property>
			<description>Specifies whether the session bean expires when the pageflow is out of scope</description>
			<display-name>Expire With Page Flow</display-name>
			<property-name>expireWithPageFlow</property-name>
			<property-class>java.lang.Boolean</property-class>
			<value>true</value>
		</managed-property>
	</managed-bean></faces-config>
