<?xml version="1.0" encoding="UTF-8" standalone="yes"?>
<portlet-app version="1.0" xmlns="http://java.sun.com/xml/ns/portlet/portlet-app_1_0.xsd" xmlns:xsi="http://www.w3.org/2001/XMLSchema-instance" xsi:schemaLocation="http://java.sun.com/xml/ns/portlet/portlet-app_1_0.xsd http://java.sun.com/xml/ns/portlet/portlet-app_1_0.xsd ">
	<portlet>
		<portlet-name>ActualizarMarcoLogicoView</portlet-name>
		<portlet-class>com.webmethods.caf.faces.portlet.FacesPortlet</portlet-class>
		<init-param>
			<name>ANNOTATED_PORTLET_ACTIONS</name>
			<value>true</value>
		</init-param>
		<init-param>
			<name>com.webmethods.caf.faces.portlet.INIT_VIEW</name>
			<value>/ActualizarMarcoLogicoView/default.view</value>
		</init-param>
		<supports>
			<mime-type>text/html</mime-type>
			<portlet-mode>view</portlet-mode>
		</supports>
		<supported-locale>en</supported-locale>
		<resource-bundle>caf.war.generaProyectoTasks.actualizarmarcologicoview.ActualizarMarcoLogicoViewResources</resource-bundle>
		<portlet-info>
			<title>Actualizar Marco Logico View</title>
			<short-title>ActualizarMarcoLogicoView</short-title>
			<keywords>task,11284663-3DB6-AC9F-C688-2AF02BA67F89,view</keywords>
		</portlet-info>
		<portlet-preferences>
			<preference>
				<name>taskID</name>
				<read-only>false</read-only>
			</preference>
			<preference>
				<name>cancelUrl</name>
				<read-only>false</read-only>
			</preference>
			<preference>
				<name>finishUrl</name>
				<read-only>false</read-only>
			</preference>
		</portlet-preferences>
	</portlet>
	<portlet>
		<portlet-name>ActualizarMarcoLogicoOverview</portlet-name>
		<portlet-class>com.webmethods.caf.faces.portlet.FacesPortlet</portlet-class>
		<init-param>
			<name>ANNOTATED_PORTLET_ACTIONS</name>
			<value>true</value>
		</init-param>
		<init-param>
			<name>com.webmethods.caf.faces.portlet.INIT_VIEW</name>
			<value>/ActualizarMarcoLogicoOverview/default.view</value>
		</init-param>
		<supports>
			<mime-type>text/html</mime-type>
			<portlet-mode>view</portlet-mode>
		</supports>
		<supported-locale>en</supported-locale>
		<resource-bundle>caf.war.generaProyectoTasks.actualizarmarcologicooverview.ActualizarMarcoLogicoOverviewResources</resource-bundle>
		<portlet-info>
			<title>Actualizar Marco Logico Overview</title>
			<short-title>ActualizarMarcoLogicoOverview</short-title>
			<keywords>task,11284663-3DB6-AC9F-C688-2AF02BA67F89,overview</keywords>
		</portlet-info>
		<portlet-preferences>
			<preference>
				<name>taskID</name>
				<read-only>false</read-only>
			</preference>
			<preference>
				<name>cancelUrl</name>
				<read-only>false</read-only>
			</preference>
			<preference>
				<name>finishUrl</name>
				<read-only>false</read-only>
			</preference>
			<preference>
				<name>currentTab</name>
				<value>TaskData</value>
				<read-only>false</read-only>
			</preference>
		</portlet-preferences>
	</portlet>
	<portlet>
		<portlet-name>ActualizarContenidosView</portlet-name>
		<portlet-class>com.webmethods.caf.faces.portlet.FacesPortlet</portlet-class>
		<init-param>
			<name>ANNOTATED_PORTLET_ACTIONS</name>
			<value>true</value>
		</init-param>
		<init-param>
			<name>com.webmethods.caf.faces.portlet.INIT_VIEW</name>
			<value>/ActualizarContenidosView/default.view</value>
		</init-param>
		<supports>
			<mime-type>text/html</mime-type>
			<portlet-mode>view</portlet-mode>
		</supports>
		<supported-locale>en</supported-locale>
		<resource-bundle>caf.war.generaProyectoTasks.actualizarcontenidosview.ActualizarContenidosViewResources</resource-bundle>
		<portlet-info>
			<title>Actualizar Contenidos View</title>
			<short-title>ActualizarContenidosView</short-title>
			<keywords>task,12288BE9-C32A-E139-F980-AC4F2BA39827,view</keywords>
		</portlet-info>
		<portlet-preferences>
			<preference>
				<name>taskID</name>
				<read-only>false</read-only>
			</preference>
			<preference>
				<name>cancelUrl</name>
				<read-only>false</read-only>
			</preference>
			<preference>
				<name>finishUrl</name>
				<read-only>false</read-only>
			</preference>
		</portlet-preferences>
	</portlet>
	<portlet>
		<portlet-name>ActualizarContenidosOverview</portlet-name>
		<portlet-class>com.webmethods.caf.faces.portlet.FacesPortlet</portlet-class>
		<init-param>
			<name>ANNOTATED_PORTLET_ACTIONS</name>
			<value>true</value>
		</init-param>
		<init-param>
			<name>com.webmethods.caf.faces.portlet.INIT_VIEW</name>
			<value>/ActualizarContenidosOverview/default.view</value>
		</init-param>
		<supports>
			<mime-type>text/html</mime-type>
			<portlet-mode>view</portlet-mode>
		</supports>
		<supported-locale>en</supported-locale>
		<resource-bundle>caf.war.generaProyectoTasks.actualizarcontenidosoverview.ActualizarContenidosOverviewResources</resource-bundle>
		<portlet-info>
			<title>Actualizar Contenidos Overview</title>
			<short-title>ActualizarContenidosOverview</short-title>
			<keywords>task,12288BE9-C32A-E139-F980-AC4F2BA39827,overview</keywords>
		</portlet-info>
		<portlet-preferences>
			<preference>
				<name>taskID</name>
				<read-only>false</read-only>
			</preference>
			<preference>
				<name>cancelUrl</name>
				<read-only>false</read-only>
			</preference>
			<preference>
				<name>finishUrl</name>
				<read-only>false</read-only>
			</preference>
			<preference>
				<name>currentTab</name>
				<value>TaskData</value>
				<read-only>false</read-only>
			</preference>
		</portlet-preferences>
	</portlet>
	<portlet>
		<portlet-name>VisarMarcoLogicoyActividadesView</portlet-name>
		<portlet-class>com.webmethods.caf.faces.portlet.FacesPortlet</portlet-class>
		<init-param>
			<name>ANNOTATED_PORTLET_ACTIONS</name>
			<value>true</value>
		</init-param>
		<init-param>
			<name>com.webmethods.caf.faces.portlet.INIT_VIEW</name>
			<value>/VisarMarcoLogicoyActividadesView/default.view</value>
		</init-param>
		<supports>
			<mime-type>text/html</mime-type>
			<portlet-mode>view</portlet-mode>
		</supports>
		<supported-locale>en</supported-locale>
		<resource-bundle>caf.war.generaProyectoTasks.visarmarcologicoyactividadesview.VisarMarcoLogicoyActividadesViewResources</resource-bundle>
		<portlet-info>
			<title>Visar Marco Logico y Actividades View</title>
			<short-title>VisarMarcoLogicoyActividadesView</short-title>
			<keywords>task,9E32B738-E547-377A-23A6-F502187E52D3,view</keywords>
		</portlet-info>
		<portlet-preferences>
			<preference>
				<name>taskID</name>
				<read-only>false</read-only>
			</preference>
			<preference>
				<name>cancelUrl</name>
				<read-only>false</read-only>
			</preference>
			<preference>
				<name>finishUrl</name>
				<read-only>false</read-only>
			</preference>
		</portlet-preferences>
	</portlet>
	<portlet>
		<portlet-name>VisarMarcoLogicoyActividadesOverview</portlet-name>
		<portlet-class>com.webmethods.caf.faces.portlet.FacesPortlet</portlet-class>
		<init-param>
			<name>ANNOTATED_PORTLET_ACTIONS</name>
			<value>true</value>
		</init-param>
		<init-param>
			<name>com.webmethods.caf.faces.portlet.INIT_VIEW</name>
			<value>/VisarMarcoLogicoyActividadesOverview/default.view</value>
		</init-param>
		<supports>
			<mime-type>text/html</mime-type>
			<portlet-mode>view</portlet-mode>
		</supports>
		<supported-locale>en</supported-locale>
		<resource-bundle>caf.war.generaProyectoTasks.visarmarcologicoyactividadesoverview.VisarMarcoLogicoyActividadesOverviewResources</resource-bundle>
		<portlet-info>
			<title>Visar Marco Logico y Actividades Overview</title>
			<short-title>VisarMarcoLogicoyActividadesOverview</short-title>
			<keywords>task,9E32B738-E547-377A-23A6-F502187E52D3,overview</keywords>
		</portlet-info>
		<portlet-preferences>
			<preference>
				<name>taskID</name>
				<read-only>false</read-only>
			</preference>
			<preference>
				<name>cancelUrl</name>
				<read-only>false</read-only>
			</preference>
			<preference>
				<name>finishUrl</name>
				<read-only>false</read-only>
			</preference>
			<preference>
				<name>currentTab</name>
				<value>TaskData</value>
				<read-only>false</read-only>
			</preference>
		</portlet-preferences>
	</portlet>


	<portlet>
		<portlet-name>CompletaDatosProyectoView1</portlet-name>
		<portlet-class>com.webmethods.caf.faces.portlet.FacesPortlet</portlet-class>
		<init-param>
			<name>ANNOTATED_PORTLET_ACTIONS</name>
			<value>true</value>
		</init-param>
		<init-param>
			<name>com.webmethods.caf.faces.portlet.INIT_VIEW</name>
			<value>/CompletaDatosProyectoView1/default.view</value>
		</init-param>
		<supports>
			<mime-type>text/html</mime-type>
			<portlet-mode>view</portlet-mode>
		</supports>
		<supported-locale>en</supported-locale>
		<resource-bundle>caf.war.generaProyectoTasks.completadatosproyectoview1.CompletaDatosProyectoView1Resources</resource-bundle>
		<portlet-info>
			<title>Completa Datos Proyecto View</title>
			<short-title>CompletaDatosProyectoView1</short-title>
			<keywords>task,D2A97B2B-2EAC-A106-3AC0-AF0EB756D42F,view</keywords>
		</portlet-info>
		<portlet-preferences>
			<preference>
				<name>taskID</name>
				<read-only>false</read-only>
			</preference>
			<preference>
				<name>cancelUrl</name>
				<read-only>false</read-only>
			</preference>
			<preference>
				<name>finishUrl</name>
				<read-only>false</read-only>
			</preference>
		</portlet-preferences>
	</portlet>
	<portlet>
		<portlet-name>CompletaDatosProyectoOverview1</portlet-name>
		<portlet-class>com.webmethods.caf.faces.portlet.FacesPortlet</portlet-class>
		<init-param>
			<name>ANNOTATED_PORTLET_ACTIONS</name>
			<value>true</value>
		</init-param>
		<init-param>
			<name>com.webmethods.caf.faces.portlet.INIT_VIEW</name>
			<value>/CompletaDatosProyectoOverview1/default.view</value>
		</init-param>
		<supports>
			<mime-type>text/html</mime-type>
			<portlet-mode>view</portlet-mode>
		</supports>
		<supported-locale>en</supported-locale>
		<resource-bundle>caf.war.generaProyectoTasks.completadatosproyectooverview1.CompletaDatosProyectoOverview1Resources</resource-bundle>
		<portlet-info>
			<title>Completa Datos Proyecto Overview</title>
			<short-title>CompletaDatosProyectoOverview1</short-title>
			<keywords>task,D2A97B2B-2EAC-A106-3AC0-AF0EB756D42F,overview</keywords>
		</portlet-info>
		<portlet-preferences>
			<preference>
				<name>taskID</name>
				<read-only>false</read-only>
			</preference>
			<preference>
				<name>cancelUrl</name>
				<read-only>false</read-only>
			</preference>
			<preference>
				<name>finishUrl</name>
				<read-only>false</read-only>
			</preference>
			<preference>
				<name>currentTab</name>
				<value>TaskData</value>
				<read-only>false</read-only>
			</preference>
		</portlet-preferences>
	</portlet>
	<user-attribute>
		<name>user.default.time_zone</name>
	</user-attribute>
	<user-attribute>
		<name>user.default.time.format</name>
	</user-attribute>
	<user-attribute>
		<name>user.default.date.format</name>
	</user-attribute>
	<user-attribute>
		<name>user.default.number.format</name>
	</user-attribute>
</portlet-app>