<CONFIG xmlns:xsi="http://www.w3.org/2001/XMLSchema-instance" 
    xsi:noNamespaceSchemaLocation="http://www.webmethods.com/schema/xmlImport.xsd"
    depCheck="false"
>
	<Mode type="sync">
	    <!-- Setup distribution rules -->
	    <CONTEXT alias="9D70B072-BDD3-DE37-E0FD-8EAE70BDDD64.routing.rules.storage">
	    </CONTEXT>
	
	    <!-- Setup distribution filters -->
	    <CONTEXT alias="9D70B072-BDD3-DE37-E0FD-8EAE70BDDD64.filter.rules.storage">
	    </CONTEXT>
	
	    <!-- Setup trigger rules -->
	    <CONTEXT alias="9D70B072-BDD3-DE37-E0FD-8EAE70BDDD64.change.rules.storage">
	    </CONTEXT>
	
	    <!-- Setup schedule rules -->
	    <CONTEXT alias="9D70B072-BDD3-DE37-E0FD-8EAE70BDDD64.schedule.rules.storage">
	    </CONTEXT>
	</Mode>
</CONFIG>
