<!-- Task definition file -->
<CONFIG xmlns:xsi="http://www.w3.org/2001/XMLSchema-instance" 
    xsi:noNamespaceSchemaLocation="http://www.webmethods.com/schema/xmlImport.xsd"
    taskId="9D70B072-BDD3-DE37-E0FD-8EAE70BDDD64" 
    displayName="Aprobar Marco del Proyecto V2" 
    clientBeanName="AprobarMarcodelProyectoV2" 
    ruleContextBeanName="AprobarMarcodelProyectoV2RuleContext"    
>
    <!-- Setup rules storage -->
    <CONTEXT alias="task.rules.storage">
        <folder name="9D70B072-BDD3-DE37-E0FD-8EAE70BDDD64 Rules" alias="9D70B072-BDD3-DE37-E0FD-8EAE70BDDD64.rules.storage">
            <folder name="Assignment" alias="9D70B072-BDD3-DE37-E0FD-8EAE70BDDD64.routing.rules.storage"/>
            <folder name="Filters" alias="9D70B072-BDD3-DE37-E0FD-8EAE70BDDD64.filter.rules.storage"/>
            <folder name="Change Rules" alias="9D70B072-BDD3-DE37-E0FD-8EAE70BDDD64.change.rules.storage"/>
            <folder name="Schedule" alias="9D70B072-BDD3-DE37-E0FD-8EAE70BDDD64.schedule.rules.storage"/>
            <folder name="Delegation" alias="9D70B072-BDD3-DE37-E0FD-8EAE70BDDD64.delegation.rules.storage"/>
            <folder name="Rule Editing Context Storage" alias="9D70B072-BDD3-DE37-E0FD-8EAE70BDDD64.context.storage"/>
        </folder>
    </CONTEXT>
    
    <!-- saved search storage -->
    <CONTEXT alias="folder.search.saved">
    	<folder name="9D70B072-BDD3-DE37-E0FD-8EAE70BDDD64 Saved Searches" alias="9D70B072-BDD3-DE37-E0FD-8EAE70BDDD64.saved.search.storage">
    		<folder name="Global Searches" alias="9D70B072-BDD3-DE37-E0FD-8EAE70BDDD64.saved.search.global.storage"/>
    	</folder>
    </CONTEXT>

	<!-- subscription storage -->
	<CONTEXT alias="task.subscriptions.storage">
		<Mode type="sync">
	        <folder name="9D70B072-BDD3-DE37-E0FD-8EAE70BDDD64 Subscriptions" alias="9D70B072-BDD3-DE37-E0FD-8EAE70BDDD64.subscriptions.storage">
			</folder>
		</Mode>    
    </CONTEXT>

    <!-- setup test task application -->
    <CONTEXT alias="task.definition.storage">
        <wm_xt_task_definition 
        	name="9D70B072-BDD3-DE37-E0FD-8EAE70BDDD64"
        	description="Aprobar Marco del Proyecto V2" 
        	alias="9D70B072-BDD3-DE37-E0FD-8EAE70BDDD64,9D70B072-BDD3-DE37-E0FD-8EAE70BDDD64.definition" 
        	audit_options="65535" 
        	task_data_impl_class="caf.war.crearMarcoLogicoTasks.taskclient.AprobarMarcodelProyectoV2$TaskData"
            isEnabled="true" 
            distr_rules_folder_uri="9D70B072-BDD3-DE37-E0FD-8EAE70BDDD64.routing.rules.storage" 
            distr_filter_folder_uri="9D70B072-BDD3-DE37-E0FD-8EAE70BDDD64.filter.rules.storage" 
            trigger_rules_folder_uri="9D70B072-BDD3-DE37-E0FD-8EAE70BDDD64.change.rules.storage" 
            schedule_rules_folder_uri="9D70B072-BDD3-DE37-E0FD-8EAE70BDDD64.schedule.rules.storage"
            delegation_rules_folder_uri="9D70B072-BDD3-DE37-E0FD-8EAE70BDDD64.delegation.rules.storage" 
            task_client_name="AprobarMarcodelProyectoV2"
            subscriptions_folder="9D70B072-BDD3-DE37-E0FD-8EAE70BDDD64.subscriptions.storage"
			task_app_name="crearmarcologicotasks"
			comment_storage_type=""
			attach_storage_type=""
			task_type_id="9D70B072-BDD3-DE37-E0FD-8EAE70BDDD64"
        	collab_tasks="9D70B072-BDD3-DE37-E0FD-8EAE70BDDD64"
         view_task_portlet_uri="/portlet/crearmarcologicotasks___aprobarmarcodelproyectov2overview"/>
    </CONTEXT>

    <!-- Setup Rule editing contexts -->
    <CONTEXT alias="folder.rule.contexts">
        <wm_task_rule_editing_context 
        	name="9D70B072-BDD3-DE37-E0FD-8EAE70BDDD64 Assignment" 
        	alias="9D70B072-BDD3-DE37-E0FD-8EAE70BDDD64.distrib.rule.editing.context" 
        	ruleType="distribution"
            taskDefinitionURI="9D70B072-BDD3-DE37-E0FD-8EAE70BDDD64.definition" 
            rulesStorageFolder="9D70B072-BDD3-DE37-E0FD-8EAE70BDDD64.routing.rules.storage"/>
            
        <wm_task_rule_editing_context 
        	name="9D70B072-BDD3-DE37-E0FD-8EAE70BDDD64 Filters" 
        	alias="9D70B072-BDD3-DE37-E0FD-8EAE70BDDD64.distrib.filter.rule.editing.context" 
        	ruleType="distribution.filter"
            taskDefinitionURI="9D70B072-BDD3-DE37-E0FD-8EAE70BDDD64.definition" 
            rulesStorageFolder="9D70B072-BDD3-DE37-E0FD-8EAE70BDDD64.filter.rules.storage"/>

        <wm_task_rule_editing_context 
        	name="9D70B072-BDD3-DE37-E0FD-8EAE70BDDD64 Change Rules" 
        	alias="9D70B072-BDD3-DE37-E0FD-8EAE70BDDD64.trigger.rule.editing.context" 
        	ruleType="trigger"
            taskDefinitionURI="9D70B072-BDD3-DE37-E0FD-8EAE70BDDD64.definition" 
            rulesStorageFolder="9D70B072-BDD3-DE37-E0FD-8EAE70BDDD64.change.rules.storage"/>
        
        <wm_task_rule_editing_context 
        	name="9D70B072-BDD3-DE37-E0FD-8EAE70BDDD64 Schedule" 
        	alias="9D70B072-BDD3-DE37-E0FD-8EAE70BDDD64.schedule.rule.editing.context" 
        	ruleType="schedule"
            taskDefinitionURI="9D70B072-BDD3-DE37-E0FD-8EAE70BDDD64.definition" 
            rulesStorageFolder="9D70B072-BDD3-DE37-E0FD-8EAE70BDDD64.schedule.rules.storage"/>

        <wm_task_rule_editing_context 
        	name="9D70B072-BDD3-DE37-E0FD-8EAE70BDDD64 Delegation" 
        	alias="9D70B072-BDD3-DE37-E0FD-8EAE70BDDD64.delegation.rule.editing.context" 
        	ruleType="delegation"
            taskDefinitionURI="9D70B072-BDD3-DE37-E0FD-8EAE70BDDD64.definition" 
            rulesStorageFolder="9D70B072-BDD3-DE37-E0FD-8EAE70BDDD64.delegation.rules.storage"/>

    </CONTEXT>

    <!-- include task rules file -->
	<include include="/WEB-INF/tasks/9D70B072-BDD3-DE37-E0FD-8EAE70BDDD64/taskRules.xml"/>

	<!-- Publish Task pages -->
	<CONTEXT alias="webm.apps.workflow">
		<folder name="Aprobar Marco del Proyecto V2" description="" alias="9D70B072-BDD3-DE37-E0FD-8EAE70BDDD64.task.app" isTaskFolder="true"/>
    </CONTEXT>

	<CONTEXT alias="9D70B072-BDD3-DE37-E0FD-8EAE70BDDD64.task.app">
	    <!-- Setup Rule Admins -->
        <folder name="Manage Assignments" alias="9D70B072-BDD3-DE37-E0FD-8EAE70BDDD64.distribution.rules.admin.page">
          <page>
            <row>
              <column>
          	    <wm_ruleadmin name="Manage Assignments"
	  		  	    alias="9D70B072-BDD3-DE37-E0FD-8EAE70BDDD64.distribution.rules.admin"
              		ruleFolderURI="9D70B072-BDD3-DE37-E0FD-8EAE70BDDD64.routing.rules.storage"
                    ruleTextResourceBundle="com.webmethods.portal.portlet.wm_ruleadmin.resources.RuleadminResources"
                    viewRulesTextKey="text.taskrule.viewrules"
                    evalOrderTextKey="text.taskrule.evalorder"
                    addRuleTextKey="text.taskrule.addrule"
                    modifyRuleTextKey="text.taskrule.modifyrule"
                    cloneRuleTextKey="text.taskrule.clonerule"
                    ruleEditingContextURI="9D70B072-BDD3-DE37-E0FD-8EAE70BDDD64.distrib.rule.editing.context">
                </wm_ruleadmin>
            	<wm_task_search___returnurlbutton name="Return" alias="9D70B072-BDD3-DE37-E0FD-8EAE70BDDD64.distribution.rules.return">
                  <layout name="titlebar" value="false"/> 
                  <layout name="border" value="false"/>            			
            	</wm_task_search___returnurlbutton>
              </column>
            </row>
            <hobos/>
          </page>
        </folder>
        <folder name="Manage Filters" alias="9D70B072-BDD3-DE37-E0FD-8EAE70BDDD64.distribution.filter.rules.admin.page">
          <page>
            <row>
              <column>
          		<wm_ruleadmin name="Manage Filters"
					alias="9D70B072-BDD3-DE37-E0FD-8EAE70BDDD64.distribution.filter.rules.admin"
		            ruleFolderURI="9D70B072-BDD3-DE37-E0FD-8EAE70BDDD64.filter.rules.storage"
        		    ruleTextResourceBundle="com.webmethods.portal.portlet.wm_ruleadmin.resources.RuleadminResources"
		            viewRulesTextKey="text.taskrule.viewrules"
		            evalOrderTextKey="text.taskrule.evalorder"
		            addRuleTextKey="text.taskrule.addrule"
		            modifyRuleTextKey="text.taskrule.modifyrule"
		            cloneRuleTextKey="text.taskrule.clonerule"
		            ruleEditingContextURI="9D70B072-BDD3-DE37-E0FD-8EAE70BDDD64.distrib.filter.rule.editing.context">
        		</wm_ruleadmin>        
            	<wm_task_search___returnurlbutton name="Return" alias="9D70B072-BDD3-DE37-E0FD-8EAE70BDDD64.distribution.filter.rules.return">
                  <layout name="titlebar" value="false"/> 
                  <layout name="border" value="false"/>            			
            	</wm_task_search___returnurlbutton>
              </column>
            </row>
            <hobos/>
          </page>
        </folder>
        <folder name="Manage Change Rules" alias="9D70B072-BDD3-DE37-E0FD-8EAE70BDDD64.trigger.rules.admin.page">
          <page>
            <row>
              <column>
		        <wm_ruleadmin name="Manage Change Rules"
					alias="9D70B072-BDD3-DE37-E0FD-8EAE70BDDD64.trigger.rules.admin"
		            ruleFolderURI="9D70B072-BDD3-DE37-E0FD-8EAE70BDDD64.change.rules.storage"
		            ruleTextResourceBundle="com.webmethods.portal.portlet.wm_ruleadmin.resources.RuleadminResources"
		            viewRulesTextKey="text.taskrule.viewrules"
		            evalOrderTextKey="text.taskrule.evalorder"
		            addRuleTextKey="text.taskrule.addrule"
		            modifyRuleTextKey="text.taskrule.modifyrule"
		            cloneRuleTextKey="text.taskrule.clonerule"
		            ruleEditingContextURI="9D70B072-BDD3-DE37-E0FD-8EAE70BDDD64.trigger.rule.editing.context">
		        </wm_ruleadmin>
            	<wm_task_search___returnurlbutton name="Return" alias="9D70B072-BDD3-DE37-E0FD-8EAE70BDDD64.trigger.rules.return">
                  <layout name="titlebar" value="false"/> 
                  <layout name="border" value="false"/>            			
            	</wm_task_search___returnurlbutton>
              </column>
            </row>
            <hobos/>
          </page>
        </folder>
        <folder name="Manage Schedules" alias="9D70B072-BDD3-DE37-E0FD-8EAE70BDDD64.schedule.rules.admin.page">
          <page>
            <row>
              <column>
		        <wm_ruleadmin name="Manage Schedules"
					alias="9D70B072-BDD3-DE37-E0FD-8EAE70BDDD64.schedule.rules.admin"
		            ruleFolderURI="9D70B072-BDD3-DE37-E0FD-8EAE70BDDD64.schedule.rules.storage"
		            ruleTextResourceBundle="com.webmethods.portal.portlet.wm_ruleadmin.resources.RuleadminResources"
		            viewRulesTextKey="text.taskrule.viewrules"
		            evalOrderTextKey="text.taskrule.evalorder"
		            addRuleTextKey="text.taskrule.addrule"
		            modifyRuleTextKey="text.taskrule.modifyrule"
		            cloneRuleTextKey="text.taskrule.clonerule"
		            ruleEditingContextURI="9D70B072-BDD3-DE37-E0FD-8EAE70BDDD64.schedule.rule.editing.context">
		        </wm_ruleadmin>
            	<wm_task_search___returnurlbutton name="Return" alias="9D70B072-BDD3-DE37-E0FD-8EAE70BDDD64.schedule.rules.return">
                  <layout name="titlebar" value="false"/> 
                  <layout name="border" value="false"/>            			
            	</wm_task_search___returnurlbutton>
              </column>
            </row>
            <hobos/>
          </page>
        </folder>
        <wm_ruleadmin name="Manage Delegations" 
			alias="9D70B072-BDD3-DE37-E0FD-8EAE70BDDD64.delegation.rules.admin"
            ruleFolderURI="9D70B072-BDD3-DE37-E0FD-8EAE70BDDD64.delegation.rules.storage"
            ruleTextResourceBundle="com.webmethods.portal.portlet.wm_ruleadmin.resources.RuleadminResources"
            viewRulesTextKey="text.taskrule.viewrules"
            evalOrderTextKey="text.taskrule.evalorder"
            addRuleTextKey="text.taskrule.addrule"
            modifyRuleTextKey="text.taskrule.modifyrule"
            cloneRuleTextKey="text.taskrule.clonerule"
            ruleEditingContextURI="9D70B072-BDD3-DE37-E0FD-8EAE70BDDD64.delegation.rule.editing.context">
        </wm_ruleadmin>
    </CONTEXT>

	<!-- Start Task -->
	<include include="/WEB-INF/tasks/9D70B072-BDD3-DE37-E0FD-8EAE70BDDD64/taskStart.xml"/>
	
	<!-- Custom Task Details -->
	<include include="/WEB-INF/tasks/9D70B072-BDD3-DE37-E0FD-8EAE70BDDD64/taskDetails.xml"/>
	
	<!-- Custom Inbox Page -->
	<include include="/WEB-INF/tasks/9D70B072-BDD3-DE37-E0FD-8EAE70BDDD64/taskInbox.xml"/>
	
</CONFIG>
