<CONFIG xmlns:xsi="http://www.w3.org/2001/XMLSchema-instance" 
    xsi:noNamespaceSchemaLocation="http://www.webmethods.com/schema/xmlImport.xsd"
>
	<CONTEXT alias="11284663-3DB6-AC9F-C688-2AF02BA67F89.task.app">
		<folder name="Actualizar Marco Logico Details" description="Actualizar Marco Logico Details" alias="11284663-3DB6-AC9F-C688-2AF02BA67F89.task.app.details.page" isTaskFolder="false">
            <page>
            	<row>
            		<column>
            			<generaproyectotasks___actualizarmarcologicooverview name="Task View" alias="11284663-3DB6-AC9F-C688-2AF02BA67F89.task.app.details.portlet">
                            <layout name="titlebar" value="false"/>
                            <layout name="border" value="false"/>            			
            			</generaproyectotasks___actualizarmarcologicooverview> 
                    </column>
                </row>
                <hobos/>
            </page>
        </folder>
    </CONTEXT>
</CONFIG>
